Workbook

Sheet Hướng dẫn
A1: Onboarding Partner Tracker – Hướng dẫn nhanh
A2: Công cụ kiểm soát 8 bước onboarding partner (theo whiteboard 'On boarding partner').
A4: CÁCH DÙNG (4 bước)
A5: 1 | B5: Sheet 'Partner': nhập tên partner ở cột A (tối đa 50). Cột còn lại tự tính.
A6: 2 | B6: Sheet 'Task': mỗi dòng 1 task. Chọn Partner, chọn Mã task (danh sách lấy từ 'Mẫu task'), nhập Owner, Ngày giao, Trạng thái. Hạn = Ngày giao + SLA; cảnh báo tự hiện.
A7: 3 | B7: Sheet 'Chấm điểm': chấm checklist tech meeting (bước 5) cho từng partner → kết luận OK / chưa đạt tự ra.
A8: 4 | B8: Sheet 'Dashboard': xem tổng quan, task trễ, task bị chặn, partner đang ở bước nào.
A10: TÍNH NĂNG TỰ ĐỘNG
A11: • | B11: Trạng thái từng bước (Xong / Đang làm / Bị chặn / Chưa) của mỗi partner, bước hiện tại và % quy trình.
A12: • | B12: Cảnh báo task: TRỄ x ngày, Sắp đến hạn (≤ 3 ngày), Bị chặn, 'Bước trước chưa xong' khi làm vượt bước.
A13: • | B13: Chấm điểm có trọng số, tiêu chí bắt buộc và ngưỡng đạt → kết luận OK / Chưa đạt / Chưa chấm đủ.
A14: • | B14: Thêm task mới: điền dòng trống trong 'Mẫu task' (mã + bước + SLA); task đó xuất hiện trong danh sách chọn.
A16: QUY ƯỚC MÀU
A17: Chữ xanh + nền vàng nhạt | B17: Ô nhập liệu – được sửa.
A18: Chữ đen | B18: Công thức – không sửa.
A19: Chữ đỏ nghiêng | B19: Giả định cần xác nhận.
A21: DỮ LIỆU VÍ DỤ
A22: • | B22: 'Partner mẫu A' và 'Partner mẫu B' (cùng task và điểm mẫu) chỉ để minh hoạ. Xoá hoặc ghi đè khi dùng thật.
A23: • | B23: Để xoá ví dụ: xoá dữ liệu cột A, B, G, H, K, L, N ở sheet 'Task' (dòng 5–44), cột A–E ở 'Partner', cột D ở 'Chấm điểm'. Đừng xoá dòng (sẽ mất công thức).
A25: GIẢ ĐỊNH (chữ trên whiteboard khó đọc)
A26: • | B26: Bước 6 = 'Quyết định / duyệt'; MOA = bước 7; bước 8 = hoạt động sau ký (truyền thông, đóng gói VTF, đào tạo 2 chiều, biz matching, setup liên tục).
A27: • | B27: SLA từng task, tiêu chí và trọng số chấm điểm, ngưỡng đạt 70% là số đề xuất – cần team chốt (xem sheet 'Câu hỏi mở').
A28: • | B28: Ngày giao nhập tay; Hạn = Ngày giao + SLA. Cảnh báo dùng ngày hiện tại của máy (TODAY).

Sheet Dashboard
A1: Dashboard onboarding partner
A2: Tự cập nhật từ sheet 'Partner' và 'Task'. Không nhập tay ở sheet này.
A4: ="Cập nhật: "&TEXT(TODAY(),"dd/mm/yyyy") -> Cập nhật: 30/10/2026
A5: Tổng partner | B5: Đang triển khai | C5: Tổng task | D5: % task hoàn thành | E5: Task trễ hạn | F5: Task bị chặn | G5: Đến hạn trong 7 ngày
A6: =COUNTA(Partner!$A$5:$A$54) -> 2 | B6: =A6-COUNTIF(Partner!$U$5:$U$54,"Hoàn tất") -> 2 | C6: =COUNTA(Task!$B$5:$B$404)-COUNTIF(Task!$K$5:$K$404,"Không áp dụng") -> 40 | D6: =IF(C6=0,0,COUNTIF(Task!$K$5:$K$404,"Hoàn thành")/C6) -> 0.425 | E6: =SUM(Task!$O$5:$O$404) -> 1 | F6: =COUNTIF(Task!$K$5:$K$404,"Bị chặn") -> 1 | G6: =COUNTIFS(Task!$J$5:$J$404,">="&TODAY(),Task!$J$5:$J$404,"<="&TODAY()+7,Task!$K$5:$K$404,"<>Hoàn thành",Task!$K$5:$K$404,"<>Không áp dụng") -> 2
A8: Tiến độ theo bước
A9: # | B9: Bước | C9: Tổng task | D9: Xong | E9: Đang làm | F9: Bị chặn | G9: Trễ | H9: % xong | I9: Số partner đang ở bước
A10: 1 | B10: =INDEX('Quy trình'!$B$5:$B$12,$A10) -> Sourcing | C10: =COUNTIFS(Task!$C$5:$C$404,$A10)-COUNTIFS(Task!$C$5:$C$404,$A10,Task!$K$5:$K$404,"Không áp dụng") -> 8 | D10: =COUNTIFS(Task!$C$5:$C$404,$A10,Task!$K$5:$K$404,"Hoàn thành") -> 8 | E10: =COUNTIFS(Task!$C$5:$C$404,$A10,Task!$K$5:$K$404,"Đang làm") -> 0 | F10: =COUNTIFS(Task!$C$5:$C$404,$A10,Task!$K$5:$K$404,"Bị chặn") -> 0 | G10: =SUMIFS(Task!$O$5:$O$404,Task!$C$5:$C$404,$A10) -> 0 | H10: =IF(C10=0,0,D10/C10) -> 1 | I10: =COUNTIF(Partner!$N$5:$N$54,$A10) -> 0
A11: 2 | B11: =INDEX('Quy trình'!$B$5:$B$12,$A11) -> Approach | C11: =COUNTIFS(Task!$C$5:$C$404,$A11)-COUNTIFS(Task!$C$5:$C$404,$A11,Task!$K$5:$K$404,"Không áp dụng") -> 6 | D11: =COUNTIFS(Task!$C$5:$C$404,$A11,Task!$K$5:$K$404,"Hoàn thành") -> 4 | E11: =COUNTIFS(Task!$C$5:$C$404,$A11,Task!$K$5:$K$404,"Đang làm") -> 1 | F11: =COUNTIFS(Task!$C$5:$C$404,$A11,Task!$K$5:$K$404,"Bị chặn") -> 1 | G11: =SUMIFS(Task!$O$5:$O$404,Task!$C$5:$C$404,$A11) -> 0 | H11: =IF(C11=0,0,D11/C11) -> 0.66666667 | I11: =COUNTIF(Partner!$N$5:$N$54,$A11) -> 1
A12: 3 | B12: =INDEX('Quy trình'!$B$5:$B$12,$A12) -> NDA | C12: =COUNTIFS(Task!$C$5:$C$404,$A12)-COUNTIFS(Task!$C$5:$C$404,$A12,Task!$K$5:$K$404,"Không áp dụng") -> 3 | D12: =COUNTIFS(Task!$C$5:$C$404,$A12,Task!$K$5:$K$404,"Hoàn thành") -> 3 | E12: =COUNTIFS(Task!$C$5:$C$404,$A12,Task!$K$5:$K$404,"Đang làm") -> 0 | F12: =COUNTIFS(Task!$C$5:$C$404,$A12,Task!$K$5:$K$404,"Bị chặn") -> 0 | G12: =SUMIFS(Task!$O$5:$O$404,Task!$C$5:$C$404,$A12) -> 0 | H12: =IF(C12=0,0,D12/C12) -> 1 | I12: =COUNTIF(Partner!$N$5:$N$54,$A12) -> 0
A13: 4 | B13: =INDEX('Quy trình'!$B$5:$B$12,$A13) -> Hồ sơ của partner (A) | C13: =COUNTIFS(Task!$C$5:$C$404,$A13)-COUNTIFS(Task!$C$5:$C$404,$A13,Task!$K$5:$K$404,"Không áp dụng") -> 5 | D13: =COUNTIFS(Task!$C$5:$C$404,$A13,Task!$K$5:$K$404,"Hoàn thành") -> 2 | E13: =COUNTIFS(Task!$C$5:$C$404,$A13,Task!$K$5:$K$404,"Đang làm") -> 1 | F13: =COUNTIFS(Task!$C$5:$C$404,$A13,Task!$K$5:$K$404,"Bị chặn") -> 0 | G13: =SUMIFS(Task!$O$5:$O$404,Task!$C$5:$C$404,$A13) -> 1 | H13: =IF(C13=0,0,D13/C13) -> 0.4 | I13: =COUNTIF(Partner!$N$5:$N$54,$A13) -> 1
A14: 5 | B14: =INDEX('Quy trình'!$B$5:$B$12,$A14) -> Tech meeting | C14: =COUNTIFS(Task!$C$5:$C$404,$A14)-COUNTIFS(Task!$C$5:$C$404,$A14,Task!$K$5:$K$404,"Không áp dụng") -> 5 | D14: =COUNTIFS(Task!$C$5:$C$404,$A14,Task!$K$5:$K$404,"Hoàn thành") -> 0 | E14: =COUNTIFS(Task!$C$5:$C$404,$A14,Task!$K$5:$K$404,"Đang làm") -> 0 | F14: =COUNTIFS(Task!$C$5:$C$404,$A14,Task!$K$5:$K$404,"Bị chặn") -> 0 | G14: =SUMIFS(Task!$O$5:$O$404,Task!$C$5:$C$404,$A14) -> 0 | H14: =IF(C14=0,0,D14/C14) -> 0 | I14: =COUNTIF(Partner!$N$5:$N$54,$A14) -> 0
A15: 6 | B15: =INDEX('Quy trình'!$B$5:$B$12,$A15) -> Quyết định / duyệt (giả định) | C15: =COUNTIFS(Task!$C$5:$C$404,$A15)-COUNTIFS(Task!$C$5:$C$404,$A15,Task!$K$5:$K$404,"Không áp dụng") -> 2 | D15: =COUNTIFS(Task!$C$5:$C$404,$A15,Task!$K$5:$K$404,"Hoàn thành") -> 0 | E15: =COUNTIFS(Task!$C$5:$C$404,$A15,Task!$K$5:$K$404,"Đang làm") -> 0 | F15: =COUNTIFS(Task!$C$5:$C$404,$A15,Task!$K$5:$K$404,"Bị chặn") -> 0 | G15: =SUMIFS(Task!$O$5:$O$404,Task!$C$5:$C$404,$A15) -> 0 | H15: =IF(C15=0,0,D15/C15) -> 0 | I15: =COUNTIF(Partner!$N$5:$N$54,$A15) -> 0
A16: 7 | B16: =INDEX('Quy trình'!$B$5:$B$12,$A16) -> MOA | C16: =COUNTIFS(Task!$C$5:$C$404,$A16)-COUNTIFS(Task!$C$5:$C$404,$A16,Task!$K$5:$K$404,"Không áp dụng") -> 4 | D16: =COUNTIFS(Task!$C$5:$C$404,$A16,Task!$K$5:$K$404,"Hoàn thành") -> 0 | E16: =COUNTIFS(Task!$C$5:$C$404,$A16,Task!$K$5:$K$404,"Đang làm") -> 0 | F16: =COUNTIFS(Task!$C$5:$C$404,$A16,Task!$K$5:$K$404,"Bị chặn") -> 0 | G16: =SUMIFS(Task!$O$5:$O$404,Task!$C$5:$C$404,$A16) -> 0 | H16: =IF(C16=0,0,D16/C16) -> 0 | I16: =COUNTIF(Partner!$N$5:$N$54,$A16) -> 0
A17: 8 | B17: =INDEX('Quy trình'!$B$5:$B$12,$A17) -> Sau ký: vận hành liên tục | C17: =COUNTIFS(Task!$C$5:$C$404,$A17)-COUNTIFS(Task!$C$5:$C$404,$A17,Task!$K$5:$K$404,"Không áp dụng") -> 7 | D17: =COUNTIFS(Task!$C$5:$C$404,$A17,Task!$K$5:$K$404,"Hoàn thành") -> 0 | E17: =COUNTIFS(Task!$C$5:$C$404,$A17,Task!$K$5:$K$404,"Đang làm") -> 0 | F17: =COUNTIFS(Task!$C$5:$C$404,$A17,Task!$K$5:$K$404,"Bị chặn") -> 0 | G17: =SUMIFS(Task!$O$5:$O$404,Task!$C$5:$C$404,$A17) -> 0 | H17: =IF(C17=0,0,D17/C17) -> 0 | I17: =COUNTIF(Partner!$N$5:$N$54,$A17) -> 0
A19: Danh sách partner
A20: # | B20: Partner | C20: Bước hiện tại | D20: % quy trình | E20: Trạng thái chung | F20: Task trễ | G20: Kết quả tech meeting
A21: =IF(Partner!$A5="","",1) -> 1 | B21: =IF(Partner!$A5="","",Partner!$A5) -> Partner mẫu A (ví dụ – xoá/ghi đè) | C21: =IF(Partner!$A5="","",Partner!$O5) -> Hồ sơ của partner (A) | D21: =IF(Partner!$A5="","",Partner!$R5) -> 0.38235294 | E21: =IF(Partner!$A5="","",Partner!$U5) -> Có việc trễ | F21: =IF(Partner!$A5="","",Partner!$S5) -> 1 | G21: =IF(Partner!$A5="","",Partner!$V5) -> OK – đạt
A22: =IF(Partner!$A6="","",2) -> 2 | B22: =IF(Partner!$A6="","",Partner!$A6) -> Partner mẫu B (ví dụ – xoá/ghi đè) | C22: =IF(Partner!$A6="","",Partner!$O6) -> Approach | D22: =IF(Partner!$A6="","",Partner!$R6) -> 0.11764706 | E22: =IF(Partner!$A6="","",Partner!$U6) -> Bị chặn | F22: =IF(Partner!$A6="","",Partner!$S6) -> 0 | G22: =IF(Partner!$A6="","",Partner!$V6) -> Chưa chấm đủ
A23: =IF(Partner!$A7="","",3) | B23: =IF(Partner!$A7="","",Partner!$A7) | C23: =IF(Partner!$A7="","",Partner!$O7) | D23: =IF(Partner!$A7="","",Partner!$R7) | E23: =IF(Partner!$A7="","",Partner!$U7) | F23: =IF(Partner!$A7="","",Partner!$S7) | G23: =IF(Partner!$A7="","",Partner!$V7)
A24: =IF(Partner!$A8="","",4) | B24: =IF(Partner!$A8="","",Partner!$A8) | C24: =IF(Partner!$A8="","",Partner!$O8) | D24: =IF(Partner!$A8="","",Partner!$R8) | E24: =IF(Partner!$A8="","",Partner!$U8) | F24: =IF(Partner!$A8="","",Partner!$S8) | G24: =IF(Partner!$A8="","",Partner!$V8)
A25: =IF(Partner!$A9="","",5) | B25: =IF(Partner!$A9="","",Partner!$A9) | C25: =IF(Partner!$A9="","",Partner!$O9) | D25: =IF(Partner!$A9="","",Partner!$R9) | E25: =IF(Partner!$A9="","",Partner!$U9) | F25: =IF(Partner!$A9="","",Partner!$S9) | G25: =IF(Partner!$A9="","",Partner!$V9)
A26: =IF(Partner!$A10="","",6) | B26: =IF(Partner!$A10="","",Partner!$A10) | C26: =IF(Partner!$A10="","",Partner!$O10) | D26: =IF(Partner!$A10="","",Partner!$R10) | E26: =IF(Partner!$A10="","",Partner!$U10) | F26: =IF(Partner!$A10="","",Partner!$S10) | G26: =IF(Partner!$A10="","",Partner!$V10)
A27: =IF(Partner!$A11="","",7) | B27: =IF(Partner!$A11="","",Partner!$A11) | C27: =IF(Partner!$A11="","",Partner!$O11) | D27: =IF(Partner!$A11="","",Partner!$R11) | E27: =IF(Partner!$A11="","",Partner!$U11) | F27: =IF(Partner!$A11="","",Partner!$S11) | G27: =IF(Partner!$A11="","",Partner!$V11)
A28: =IF(Partner!$A12="","",8) | B28: =IF(Partner!$A12="","",Partner!$A12) | C28: =IF(Partner!$A12="","",Partner!$O12) | D28: =IF(Partner!$A12="","",Partner!$R12) | E28: =IF(Partner!$A12="","",Partner!$U12) | F28: =IF(Partner!$A12="","",Partner!$S12) | G28: =IF(Partner!$A12="","",Partner!$V12)
A29: =IF(Partner!$A13="","",9) | B29: =IF(Partner!$A13="","",Partner!$A13) | C29: =IF(Partner!$A13="","",Partner!$O13) | D29: =IF(Partner!$A13="","",Partner!$R13) | E29: =IF(Partner!$A13="","",Partner!$U13) | F29: =IF(Partner!$A13="","",Partner!$S13) | G29: =IF(Partner!$A13="","",Partner!$V13)
A30: =IF(Partner!$A14="","",10) | B30: =IF(Partner!$A14="","",Partner!$A14) | C30: =IF(Partner!$A14="","",Partner!$O14) | D30: =IF(Partner!$A14="","",Partner!$R14) | E30: =IF(Partner!$A14="","",Partner!$U14) | F30: =IF(Partner!$A14="","",Partner!$S14) | G30: =IF(Partner!$A14="","",Partner!$V14)
A31: =IF(Partner!$A15="","",11) | B31: =IF(Partner!$A15="","",Partner!$A15) | C31: =IF(Partner!$A15="","",Partner!$O15) | D31: =IF(Partner!$A15="","",Partner!$R15) | E31: =IF(Partner!$A15="","",Partner!$U15) | F31: =IF(Partner!$A15="","",Partner!$S15) | G31: =IF(Partner!$A15="","",Partner!$V15)
A32: =IF(Partner!$A16="","",12) | B32: =IF(Partner!$A16="","",Partner!$A16) | C32: =IF(Partner!$A16="","",Partner!$O16) | D32: =IF(Partner!$A16="","",Partner!$R16) | E32: =IF(Partner!$A16="","",Partner!$U16) | F32: =IF(Partner!$A16="","",Partner!$S16) | G32: =IF(Partner!$A16="","",Partner!$V16)
A33: =IF(Partner!$A17="","",13) | B33: =IF(Partner!$A17="","",Partner!$A17) | C33: =IF(Partner!$A17="","",Partner!$O17) | D33: =IF(Partner!$A17="","",Partner!$R17) | E33: =IF(Partner!$A17="","",Partner!$U17) | F33: =IF(Partner!$A17="","",Partner!$S17) | G33: =IF(Partner!$A17="","",Partner!$V17)
A34: =IF(Partner!$A18="","",14) | B34: =IF(Partner!$A18="","",Partner!$A18) | C34: =IF(Partner!$A18="","",Partner!$O18) | D34: =IF(Partner!$A18="","",Partner!$R18) | E34: =IF(Partner!$A18="","",Partner!$U18) | F34: =IF(Partner!$A18="","",Partner!$S18) | G34: =IF(Partner!$A18="","",Partner!$V18)
A35: =IF(Partner!$A19="","",15) | B35: =IF(Partner!$A19="","",Partner!$A19) | C35: =IF(Partner!$A19="","",Partner!$O19) | D35: =IF(Partner!$A19="","",Partner!$R19) | E35: =IF(Partner!$A19="","",Partner!$U19) | F35: =IF(Partner!$A19="","",Partner!$S19) | G35: =IF(Partner!$A19="","",Partner!$V19)
A36: Hiển thị 15 partner đầu trong sheet 'Partner'.

Sheet Partner
A1: Danh sách partner và tiến độ (tự tính từ sheet 'Task')
A2: Chỉ nhập cột A đến E (nền vàng). Các cột còn lại tự cập nhật. Chấm điểm tech meeting chỉ hỗ trợ 10 partner đầu.
E3: Mã bước → | F3: 1 | G3: 2 | H3: 3 | I3: 4 | J3: 5 | K3: 6 | L3: 7 | M3: 8
A4: Partner | B4: Ngành / sản phẩm | C4: Nguồn | D4: Owner | E4: Ngày bắt đầu | F4: B1 | G4: B2 | H4: B3 | I4: B4 | J4: B5 | K4: B6 | L4: B7 | M4: B8 | N4: Bước hiện tại (#) | O4: Bước hiện tại | P4: Tổng task | Q4: Đã xong | R4: % quy trình | S4: Task trễ | T4: Task bị chặn | U4: Trạng thái chung | V4: Kết quả tech meeting
A5: Partner mẫu A (ví dụ – xoá/ghi đè) | B5: An ninh mạng / DLP | C5: Giới thiệu | D5: BD | E5: 46251 | F5: =IF($A5="","",IF((COUNTIFS(Task!$A$5:$A$404,$A5,Task!$C$5:$C$404,F$3)-COUNTIFS(Task!$A$5:$A$404,$A5,Task!$C$5:$C$404,F$3,Task!$K$5:$K$404,"Không áp dụng"))=0,"–",IF(COUNTIFS(Task!$A$5:$A$404,$A5,Task!$C$5:$C$404,F$3,Task!$K$5:$K$404,"Hoàn thành")=(COUNTIFS(Task!$A$5:$A$404,$A5,Task!$C$5:$C$404,F$3)-COUNTIFS(Task!$A$5:$A$404,$A5,Task!$C$5:$C$404,F$3,Task!$K$5:$K$404,"Không áp dụng")),"Xong",IF(COUNTIFS(Task!$A$5:$A$404,$A5,Task!$C$5:$C$404,F$3,Task!$K$5:$K$404,"Bị chặn")>0,"Bị chặn",IF(COUNTIFS(Task!$A$5:$A$404,$A5,Task!$C$5:$C$404,F$3,Task!$K$5:$K$404,"Hoàn thành")+COUNTIFS(Task!$A$5:$A$404,$A5,Task!$C$5:$C$404,F$3,Task!$K$5:$K$404,"Đang làm")>0,"Đang làm","Chưa"))))) -> Xong | G5: =IF($A5="","",IF((COUNTIFS(Task!$A$5:$A$404,$A5,Task!$C$5:$C$404,G$3)-COUNTIFS(Task!$A$5:$A$404,$A5,Task!$C$5:$C$404,G$3,Task!$K$5:$K$404,"Không áp dụng"))=0,"–",IF(COUNTIFS(Task!$A$5:$A$404,$A5,Task!$C$5:$C$404,G$3,Task!$K$5:$K$404,"Hoàn thành")=(COUNTIFS(Task!$A$5:$A$404,$A5,Task!$C$5:$C$404,G$3)-COUNTIFS(Task!$A$5:$A$404,$A5,Task!$C$5:$C$404,G$3,Task!$K$5:$K$404,"Không áp dụng")),"Xong",IF(COUNTIFS(Task!$A$5:$A$404,$A5,Task!$C$5:$C$404,G$3,Task!$K$5:$K$404,"Bị chặn")>0,"Bị chặn",IF(COUNTIFS(Task!$A$5:$A$404,$A5,Task!$C$5:$C$404,G$3,Task!$K$5:$K$404,"Hoàn thành")+COUNTIFS(Task!$A$5:$A$404,$A5,Task!$C$5:$C$404,G$3,Task!$K$5:$K$404,"Đang làm")>0,"Đang làm","Chưa"))))) -> Xong | H5: =IF($A5="","",IF((COUNTIFS(Task!$A$5:$A$404,$A5,Task!$C$5:$C$404,H$3)-COUNTIFS(Task!$A$5:$A$404,$A5,Task!$C$5:$C$404,H$3,Task!$K$5:$K$404,"Không áp dụng"))=0,"–",IF(COUNTIFS(Task!$A$5:$A$404,$A5,Task!$C$5:$C$404,H$3,Task!$K$5:$K$404,"Hoàn thành")=(COUNTIFS(Task!$A$5:$A$404,$A5,Task!$C$5:$C$404,H$3)-COUNTIFS(Task!$A$5:$A$404,$A5,Task!$C$5:$C$404,H$3,Task!$K$5:$K$404,"Không áp dụng")),"Xong",IF(COUNTIFS(Task!$A$5:$A$404,$A5,Task!$C$5:$C$404,H$3,Task!$K$5:$K$404,"Bị chặn")>0,"Bị chặn",IF(COUNTIFS(Task!$A$5:$A$404,$A5,Task!$C$5:$C$404,H$3,Task!$K$5:$K$404,"Hoàn thành")+COUNTIFS(Task!$A$5:$A$404,$A5,Task!$C$5:$C$404,H$3,Task!$K$5:$K$404,"Đang làm")>0,"Đang làm","Chưa"))))) -> Xong | I5: =IF($A5="","",IF((COUNTIFS(Task!$A$5:$A$404,$A5,Task!$C$5:$C$404,I$3)-COUNTIFS(Task!$A$5:$A$404,$A5,Task!$C$5:$C$404,I$3,Task!$K$5:$K$404,"Không áp dụng"))=0,"–",IF(COUNTIFS(Task!$A$5:$A$404,$A5,Task!$C$5:$C$404,I$3,Task!$K$5:$K$404,"Hoàn thành")=(COUNTIFS(Task!$A$5:$A$404,$A5,Task!$C$5:$C$404,I$3)-COUNTIFS(Task!$A$5:$A$404,$A5,Task!$C$5:$C$404,I$3,Task!$K$5:$K$404,"Không áp dụng")),"Xong",IF(COUNTIFS(Task!$A$5:$A$404,$A5,Task!$C$5:$C$404,I$3,Task!$K$5:$K$404,"Bị chặn")>0,"Bị chặn",IF(COUNTIFS(Task!$A$5:$A$404,$A5,Task!$C$5:$C$404,I$3,Task!$K$5:$K$404,"Hoàn thành")+COUNTIFS(Task!$A$5:$A$404,$A5,Task!$C$5:$C$404,I$3,Task!$K$5:$K$404,"Đang làm")>0,"Đang làm","Chưa"))))) -> Đang làm | J5: =IF($A5="","",IF((COUNTIFS(Task!$A$5:$A$404,$A5,Task!$C$5:$C$404,J$3)-COUNTIFS(Task!$A$5:$A$404,$A5,Task!$C$5:$C$404,J$3,Task!$K$5:$K$404,"Không áp dụng"))=0,"–",IF(COUNTIFS(Task!$A$5:$A$404,$A5,Task!$C$5:$C$404,J$3,Task!$K$5:$K$404,"Hoàn thành")=(COUNTIFS(Task!$A$5:$A$404,$A5,Task!$C$5:$C$404,J$3)-COUNTIFS(Task!$A$5:$A$404,$A5,Task!$C$5:$C$404,J$3,Task!$K$5:$K$404,"Không áp dụng")),"Xong",IF(COUNTIFS(Task!$A$5:$A$404,$A5,Task!$C$5:$C$404,J$3,Task!$K$5:$K$404,"Bị chặn")>0,"Bị chặn",IF(COUNTIFS(Task!$A$5:$A$404,$A5,Task!$C$5:$C$404,J$3,Task!$K$5:$K$404,"Hoàn thành")+COUNTIFS(Task!$A$5:$A$404,$A5,Task!$C$5:$C$404,J$3,Task!$K$5:$K$404,"Đang làm")>0,"Đang làm","Chưa"))))) -> Chưa | K5: =IF($A5="","",IF((COUNTIFS(Task!$A$5:$A$404,$A5,Task!$C$5:$C$404,K$3)-COUNTIFS(Task!$A$5:$A$404,$A5,Task!$C$5:$C$404,K$3,Task!$K$5:$K$404,"Không áp dụng"))=0,"–",IF(COUNTIFS(Task!$A$5:$A$404,$A5,Task!$C$5:$C$404,K$3,Task!$K$5:$K$404,"Hoàn thành")=(COUNTIFS(Task!$A$5:$A$404,$A5,Task!$C$5:$C$404,K$3)-COUNTIFS(Task!$A$5:$A$404,$A5,Task!$C$5:$C$404,K$3,Task!$K$5:$K$404,"Không áp dụng")),"Xong",IF(COUNTIFS(Task!$A$5:$A$404,$A5,Task!$C$5:$C$404,K$3,Task!$K$5:$K$404,"Bị chặn")>0,"Bị chặn",IF(COUNTIFS(Task!$A$5:$A$404,$A5,Task!$C$5:$C$404,K$3,Task!$K$5:$K$404,"Hoàn thành")+COUNTIFS(Task!$A$5:$A$404,$A5,Task!$C$5:$C$404,K$3,Task!$K$5:$K$404,"Đang làm")>0,"Đang làm","Chưa"))))) -> Chưa | L5: =IF($A5="","",IF((COUNTIFS(Task!$A$5:$A$404,$A5,Task!$C$5:$C$404,L$3)-COUNTIFS(Task!$A$5:$A$404,$A5,Task!$C$5:$C$404,L$3,Task!$K$5:$K$404,"Không áp dụng"))=0,"–",IF(COUNTIFS(Task!$A$5:$A$404,$A5,Task!$C$5:$C$404,L$3,Task!$K$5:$K$404,"Hoàn thành")=(COUNTIFS(Task!$A$5:$A$404,$A5,Task!$C$5:$C$404,L$3)-COUNTIFS(Task!$A$5:$A$404,$A5,Task!$C$5:$C$404,L$3,Task!$K$5:$K$404,"Không áp dụng")),"Xong",IF(COUNTIFS(Task!$A$5:$A$404,$A5,Task!$C$5:$C$404,L$3,Task!$K$5:$K$404,"Bị chặn")>0,"Bị chặn",IF(COUNTIFS(Task!$A$5:$A$404,$A5,Task!$C$5:$C$404,L$3,Task!$K$5:$K$404,"Hoàn thành")+COUNTIFS(Task!$A$5:$A$404,$A5,Task!$C$5:$C$404,L$3,Task!$K$5:$K$404,"Đang làm")>0,"Đang làm","Chưa"))))) -> Chưa | M5: =IF($A5="","",IF((COUNTIFS(Task!$A$5:$A$404,$A5,Task!$C$5:$C$404,M$3)-COUNTIFS(Task!$A$5:$A$404,$A5,Task!$C$5:$C$404,M$3,Task!$K$5:$K$404,"Không áp dụng"))=0,"–",IF(COUNTIFS(Task!$A$5:$A$404,$A5,Task!$C$5:$C$404,M$3,Task!$K$5:$K$404,"Hoàn thành")=(COUNTIFS(Task!$A$5:$A$404,$A5,Task!$C$5:$C$404,M$3)-COUNTIFS(Task!$A$5:$A$404,$A5,Task!$C$5:$C$404,M$3,Task!$K$5:$K$404,"Không áp dụng")),"Xong",IF(COUNTIFS(Task!$A$5:$A$404,$A5,Task!$C$5:$C$404,M$3,Task!$K$5:$K$404,"Bị chặn")>0,"Bị chặn",IF(COUNTIFS(Task!$A$5:$A$404,$A5,Task!$C$5:$C$404,M$3,Task!$K$5:$K$404,"Hoàn thành")+COUNTIFS(Task!$A$5:$A$404,$A5,Task!$C$5:$C$404,M$3,Task!$K$5:$K$404,"Đang làm")>0,"Đang làm","Chưa"))))) -> Chưa | N5: =IF($A5="","",IF(F5<>"Xong",1,IF(G5<>"Xong",2,IF(H5<>"Xong",3,IF(I5<>"Xong",4,IF(J5<>"Xong",5,IF(K5<>"Xong",6,IF(L5<>"Xong",7,IF(M5<>"Xong",8,9))))))))) -> 4 | O5: =IF($A5="","",IF($N5=9,"Hoàn tất",INDEX('Quy trình'!$B$5:$B$12,$N5))) -> Hồ sơ của partner (A) | P5: =IF($A5="","",COUNTIFS(Task!$A$5:$A$404,$A5)-COUNTIFS(Task!$A$5:$A$404,$A5,Task!$K$5:$K$404,"Không áp dụng")) -> 34 | Q5: =IF($A5="","",COUNTIFS(Task!$A$5:$A$404,$A5,Task!$K$5:$K$404,"Hoàn thành")) -> 13 | R5: =IF($A5="","",Q5/MAX(P5,COUNTA('Mẫu task'!$A$5:$A$64))) -> 0.38235294 | S5: =IF($A5="","",SUMIFS(Task!$O$5:$O$404,Task!$A$5:$A$404,$A5)) -> 1 | T5: =IF($A5="","",COUNTIFS(Task!$A$5:$A$404,$A5,Task!$K$5:$K$404,"Bị chặn")) -> 0 | U5: =IF($A5="","",IF(P5=0,"Chưa có task",IF(T5>0,"Bị chặn",IF(S5>0,"Có việc trễ",IF(N5=9,"Hoàn tất","Đúng tiến độ"))))) -> Có việc trễ | V5: =IF($A5="","",IFERROR(INDEX('Chấm điểm'!$D$16:$M$16,MATCH($A5,'Chấm điểm'!$D$4:$M$4,0)),"")) -> OK – đạt
A6: Partner mẫu B (ví dụ – xoá/ghi đè) | B6: Cloud / Backup | C6: Sự kiện | D6: BD | E6: 46279 | F6: =IF($A6="","",IF((COUNTIFS(Task!$A$5:$A$404,$A6,Task!$C$5:$C$404,F$3)-COUNTIFS(Task!$A$5:$A$404,$A6,Task!$C$5:$C$404,F$3,Task!$K$5:$K$404,"Không áp dụng"))=0,"–",IF(COUNTIFS(Task!$A$5:$A$404,$A6,Task!$C$5:$C$404,F$3,Task!$K$5:$K$404,"Hoàn thành")=(COUNTIFS(Task!$A$5:$A$404,$A6,Task!$C$5:$C$404,F$3)-COUNTIFS(Task!$A$5:$A$404,$A6,Task!$C$5:$C$404,F$3,Task!$K$5:$K$404,"Không áp dụng")),"Xong",IF(COUNTIFS(Task!$A$5:$A$404,$A6,Task!$C$5:$C$404,F$3,Task!$K$5:$K$404,"Bị chặn")>0,"Bị chặn",IF(COUNTIFS(Task!$A$5:$A$404,$A6,Task!$C$5:$C$404,F$3,Task!$K$5:$K$404,"Hoàn thành")+COUNTIFS(Task!$A$5:$A$404,$A6,Task!$C$5:$C$404,F$3,Task!$K$5:$K$404,"Đang làm")>0,"Đang làm","Chưa"))))) -> Xong | G6: =IF($A6="","",IF((COUNTIFS(Task!$A$5:$A$404,$A6,Task!$C$5:$C$404,G$3)-COUNTIFS(Task!$A$5:$A$404,$A6,Task!$C$5:$C$404,G$3,Task!$K$5:$K$404,"Không áp dụng"))=0,"–",IF(COUNTIFS(Task!$A$5:$A$404,$A6,Task!$C$5:$C$404,G$3,Task!$K$5:$K$404,"Hoàn thành")=(COUNTIFS(Task!$A$5:$A$404,$A6,Task!$C$5:$C$404,G$3)-COUNTIFS(Task!$A$5:$A$404,$A6,Task!$C$5:$C$404,G$3,Task!$K$5:$K$404,"Không áp dụng")),"Xong",IF(COUNTIFS(Task!$A$5:$A$404,$A6,Task!$C$5:$C$404,G$3,Task!$K$5:$K$404,"Bị chặn")>0,"Bị chặn",IF(COUNTIFS(Task!$A$5:$A$404,$A6,Task!$C$5:$C$404,G$3,Task!$K$5:$K$404,"Hoàn thành")+COUNTIFS(Task!$A$5:$A$404,$A6,Task!$C$5:$C$404,G$3,Task!$K$5:$K$404,"Đang làm")>0,"Đang làm","Chưa"))))) -> Bị chặn | H6: =IF($A6="","",IF((COUNTIFS(Task!$A$5:$A$404,$A6,Task!$C$5:$C$404,H$3)-COUNTIFS(Task!$A$5:$A$404,$A6,Task!$C$5:$C$404,H$3,Task!$K$5:$K$404,"Không áp dụng"))=0,"–",IF(COUNTIFS(Task!$A$5:$A$404,$A6,Task!$C$5:$C$404,H$3,Task!$K$5:$K$404,"Hoàn thành")=(COUNTIFS(Task!$A$5:$A$404,$A6,Task!$C$5:$C$404,H$3)-COUNTIFS(Task!$A$5:$A$404,$A6,Task!$C$5:$C$404,H$3,Task!$K$5:$K$404,"Không áp dụng")),"Xong",IF(COUNTIFS(Task!$A$5:$A$404,$A6,Task!$C$5:$C$404,H$3,Task!$K$5:$K$404,"Bị chặn")>0,"Bị chặn",IF(COUNTIFS(Task!$A$5:$A$404,$A6,Task!$C$5:$C$404,H$3,Task!$K$5:$K$404,"Hoàn thành")+COUNTIFS(Task!$A$5:$A$404,$A6,Task!$C$5:$C$404,H$3,Task!$K$5:$K$404,"Đang làm")>0,"Đang làm","Chưa"))))) -> – | I6: =IF($A6="","",IF((COUNTIFS(Task!$A$5:$A$404,$A6,Task!$C$5:$C$404,I$3)-COUNTIFS(Task!$A$5:$A$404,$A6,Task!$C$5:$C$404,I$3,Task!$K$5:$K$404,"Không áp dụng"))=0,"–",IF(COUNTIFS(Task!$A$5:$A$404,$A6,Task!$C$5:$C$404,I$3,Task!$K$5:$K$404,"Hoàn thành")=(COUNTIFS(Task!$A$5:$A$404,$A6,Task!$C$5:$C$404,I$3)-COUNTIFS(Task!$A$5:$A$404,$A6,Task!$C$5:$C$404,I$3,Task!$K$5:$K$404,"Không áp dụng")),"Xong",IF(COUNTIFS(Task!$A$5:$A$404,$A6,Task!$C$5:$C$404,I$3,Task!$K$5:$K$404,"Bị chặn")>0,"Bị chặn",IF(COUNTIFS(Task!$A$5:$A$404,$A6,Task!$C$5:$C$404,I$3,Task!$K$5:$K$404,"Hoàn thành")+COUNTIFS(Task!$A$5:$A$404,$A6,Task!$C$5:$C$404,I$3,Task!$K$5:$K$404,"Đang làm")>0,"Đang làm","Chưa"))))) -> – | J6: =IF($A6="","",IF((COUNTIFS(Task!$A$5:$A$404,$A6,Task!$C$5:$C$404,J$3)-COUNTIFS(Task!$A$5:$A$404,$A6,Task!$C$5:$C$404,J$3,Task!$K$5:$K$404,"Không áp dụng"))=0,"–",IF(COUNTIFS(Task!$A$5:$A$404,$A6,Task!$C$5:$C$404,J$3,Task!$K$5:$K$404,"Hoàn thành")=(COUNTIFS(Task!$A$5:$A$404,$A6,Task!$C$5:$C$404,J$3)-COUNTIFS(Task!$A$5:$A$404,$A6,Task!$C$5:$C$404,J$3,Task!$K$5:$K$404,"Không áp dụng")),"Xong",IF(COUNTIFS(Task!$A$5:$A$404,$A6,Task!$C$5:$C$404,J$3,Task!$K$5:$K$404,"Bị chặn")>0,"Bị chặn",IF(COUNTIFS(Task!$A$5:$A$404,$A6,Task!$C$5:$C$404,J$3,Task!$K$5:$K$404,"Hoàn thành")+COUNTIFS(Task!$A$5:$A$404,$A6,Task!$C$5:$C$404,J$3,Task!$K$5:$K$404,"Đang làm")>0,"Đang làm","Chưa"))))) -> – | K6: =IF($A6="","",IF((COUNTIFS(Task!$A$5:$A$404,$A6,Task!$C$5:$C$404,K$3)-COUNTIFS(Task!$A$5:$A$404,$A6,Task!$C$5:$C$404,K$3,Task!$K$5:$K$404,"Không áp dụng"))=0,"–",IF(COUNTIFS(Task!$A$5:$A$404,$A6,Task!$C$5:$C$404,K$3,Task!$K$5:$K$404,"Hoàn thành")=(COUNTIFS(Task!$A$5:$A$404,$A6,Task!$C$5:$C$404,K$3)-COUNTIFS(Task!$A$5:$A$404,$A6,Task!$C$5:$C$404,K$3,Task!$K$5:$K$404,"Không áp dụng")),"Xong",IF(COUNTIFS(Task!$A$5:$A$404,$A6,Task!$C$5:$C$404,K$3,Task!$K$5:$K$404,"Bị chặn")>0,"Bị chặn",IF(COUNTIFS(Task!$A$5:$A$404,$A6,Task!$C$5:$C$404,K$3,Task!$K$5:$K$404,"Hoàn thành")+COUNTIFS(Task!$A$5:$A$404,$A6,Task!$C$5:$C$404,K$3,Task!$K$5:$K$404,"Đang làm")>0,"Đang làm","Chưa"))))) -> – | L6: =IF($A6="","",IF((COUNTIFS(Task!$A$5:$A$404,$A6,Task!$C$5:$C$404,L$3)-COUNTIFS(Task!$A$5:$A$404,$A6,Task!$C$5:$C$404,L$3,Task!$K$5:$K$404,"Không áp dụng"))=0,"–",IF(COUNTIFS(Task!$A$5:$A$404,$A6,Task!$C$5:$C$404,L$3,Task!$K$5:$K$404,"Hoàn thành")=(COUNTIFS(Task!$A$5:$A$404,$A6,Task!$C$5:$C$404,L$3)-COUNTIFS(Task!$A$5:$A$404,$A6,Task!$C$5:$C$404,L$3,Task!$K$5:$K$404,"Không áp dụng")),"Xong",IF(COUNTIFS(Task!$A$5:$A$404,$A6,Task!$C$5:$C$404,L$3,Task!$K$5:$K$404,"Bị chặn")>0,"Bị chặn",IF(COUNTIFS(Task!$A$5:$A$404,$A6,Task!$C$5:$C$404,L$3,Task!$K$5:$K$404,"Hoàn thành")+COUNTIFS(Task!$A$5:$A$404,$A6,Task!$C$5:$C$404,L$3,Task!$K$5:$K$404,"Đang làm")>0,"Đang làm","Chưa"))))) -> – | M6: =IF($A6="","",IF((COUNTIFS(Task!$A$5:$A$404,$A6,Task!$C$5:$C$404,M$3)-COUNTIFS(Task!$A$5:$A$404,$A6,Task!$C$5:$C$404,M$3,Task!$K$5:$K$404,"Không áp dụng"))=0,"–",IF(COUNTIFS(Task!$A$5:$A$404,$A6,Task!$C$5:$C$404,M$3,Task!$K$5:$K$404,"Hoàn thành")=(COUNTIFS(Task!$A$5:$A$404,$A6,Task!$C$5:$C$404,M$3)-COUNTIFS(Task!$A$5:$A$404,$A6,Task!$C$5:$C$404,M$3,Task!$K$5:$K$404,"Không áp dụng")),"Xong",IF(COUNTIFS(Task!$A$5:$A$404,$A6,Task!$C$5:$C$404,M$3,Task!$K$5:$K$404,"Bị chặn")>0,"Bị chặn",IF(COUNTIFS(Task!$A$5:$A$404,$A6,Task!$C$5:$C$404,M$3,Task!$K$5:$K$404,"Hoàn thành")+COUNTIFS(Task!$A$5:$A$404,$A6,Task!$C$5:$C$404,M$3,Task!$K$5:$K$404,"Đang làm")>0,"Đang làm","Chưa"))))) -> – | N6: =IF($A6="","",IF(F6<>"Xong",1,IF(G6<>"Xong",2,IF(H6<>"Xong",3,IF(I6<>"Xong",4,IF(J6<>"Xong",5,IF(K6<>"Xong",6,IF(L6<>"Xong",7,IF(M6<>"Xong",8,9))))))))) -> 2 | O6: =IF($A6="","",IF($N6=9,"Hoàn tất",INDEX('Quy trình'!$B$5:$B$12,$N6))) -> Approach | P6: =IF($A6="","",COUNTIFS(Task!$A$5:$A$404,$A6)-COUNTIFS(Task!$A$5:$A$404,$A6,Task!$K$5:$K$404,"Không áp dụng")) -> 6 | Q6: =IF($A6="","",COUNTIFS(Task!$A$5:$A$404,$A6,Task!$K$5:$K$404,"Hoàn thành")) -> 4 | R6: =IF($A6="","",Q6/MAX(P6,COUNTA('Mẫu task'!$A$5:$A$64))) -> 0.11764706 | S6: =IF($A6="","",SUMIFS(Task!$O$5:$O$404,Task!$A$5:$A$404,$A6)) -> 0 | T6: =IF($A6="","",COUNTIFS(Task!$A$5:$A$404,$A6,Task!$K$5:$K$404,"Bị chặn")) -> 1 | U6: =IF($A6="","",IF(P6=0,"Chưa có task",IF(T6>0,"Bị chặn",IF(S6>0,"Có việc trễ",IF(N6=9,"Hoàn tất","Đúng tiến độ"))))) -> Bị chặn | V6: =IF($A6="","",IFERROR(INDEX('Chấm điểm'!$D$16:$M$16,MATCH($A6,'Chấm điểm'!$D$4:$M$4,0)),"")) -> Chưa chấm đủ
F7: =IF($A7="","",IF((COUNTIFS(Task!$A$5:$A$404,$A7,Task!$C$5:$C$404,F$3)-COUNTIFS(Task!$A$5:$A$404,$A7,Task!$C$5:$C$404,F$3,Task!$K$5:$K$404,"Không áp dụng"))=0,"–",IF(COUNTIFS(Task!$A$5:$A$404,$A7,Task!$C$5:$C$404,F$3,Task!$K$5:$K$404,"Hoàn thành")=(COUNTIFS(Task!$A$5:$A$404,$A7,Task!$C$5:$C$404,F$3)-COUNTIFS(Task!$A$5:$A$404,$A7,Task!$C$5:$C$404,F$3,Task!$K$5:$K$404,"Không áp dụng")),"Xong",IF(COUNTIFS(Task!$A$5:$A$404,$A7,Task!$C$5:$C$404,F$3,Task!$K$5:$K$404,"Bị chặn")>0,"Bị chặn",IF(COUNTIFS(Task!$A$5:$A$404,$A7,Task!$C$5:$C$404,F$3,Task!$K$5:$K$404,"Hoàn thành")+COUNTIFS(Task!$A$5:$A$404,$A7,Task!$C$5:$C$404,F$3,Task!$K$5:$K$404,"Đang làm")>0,"Đang làm","Chưa"))))) | G7: =IF($A7="","",IF((COUNTIFS(Task!$A$5:$A$404,$A7,Task!$C$5:$C$404,G$3)-COUNTIFS(Task!$A$5:$A$404,$A7,Task!$C$5:$C$404,G$3,Task!$K$5:$K$404,"Không áp dụng"))=0,"–",IF(COUNTIFS(Task!$A$5:$A$404,$A7,Task!$C$5:$C$404,G$3,Task!$K$5:$K$404,"Hoàn thành")=(COUNTIFS(Task!$A$5:$A$404,$A7,Task!$C$5:$C$404,G$3)-COUNTIFS(Task!$A$5:$A$404,$A7,Task!$C$5:$C$404,G$3,Task!$K$5:$K$404,"Không áp dụng")),"Xong",IF(COUNTIFS(Task!$A$5:$A$404,$A7,Task!$C$5:$C$404,G$3,Task!$K$5:$K$404,"Bị chặn")>0,"Bị chặn",IF(COUNTIFS(Task!$A$5:$A$404,$A7,Task!$C$5:$C$404,G$3,Task!$K$5:$K$404,"Hoàn thành")+COUNTIFS(Task!$A$5:$A$404,$A7,Task!$C$5:$C$404,G$3,Task!$K$5:$K$404,"Đang làm")>0,"Đang làm","Chưa"))))) | H7: =IF($A7="","",IF((COUNTIFS(Task!$A$5:$A$404,$A7,Task!$C$5:$C$404,H$3)-COUNTIFS(Task!$A$5:$A$404,$A7,Task!$C$5:$C$404,H$3,Task!$K$5:$K$404,"Không áp dụng"))=0,"–",IF(COUNTIFS(Task!$A$5:$A$404,$A7,Task!$C$5:$C$404,H$3,Task!$K$5:$K$404,"Hoàn thành")=(COUNTIFS(Task!$A$5:$A$404,$A7,Task!$C$5:$C$404,H$3)-COUNTIFS(Task!$A$5:$A$404,$A7,Task!$C$5:$C$404,H$3,Task!$K$5:$K$404,"Không áp dụng")),"Xong",IF(COUNTIFS(Task!$A$5:$A$404,$A7,Task!$C$5:$C$404,H$3,Task!$K$5:$K$404,"Bị chặn")>0,"Bị chặn",IF(COUNTIFS(Task!$A$5:$A$404,$A7,Task!$C$5:$C$404,H$3,Task!$K$5:$K$404,"Hoàn thành")+COUNTIFS(Task!$A$5:$A$404,$A7,Task!$C$5:$C$404,H$3,Task!$K$5:$K$404,"Đang làm")>0,"Đang làm","Chưa"))))) | I7: =IF($A7="","",IF((COUNTIFS(Task!$A$5:$A$404,$A7,Task!$C$5:$C$404,I$3)-COUNTIFS(Task!$A$5:$A$404,$A7,Task!$C$5:$C$404,I$3,Task!$K$5:$K$404,"Không áp dụng"))=0,"–",IF(COUNTIFS(Task!$A$5:$A$404,$A7,Task!$C$5:$C$404,I$3,Task!$K$5:$K$404,"Hoàn thành")=(COUNTIFS(Task!$A$5:$A$404,$A7,Task!$C$5:$C$404,I$3)-COUNTIFS(Task!$A$5:$A$404,$A7,Task!$C$5:$C$404,I$3,Task!$K$5:$K$404,"Không áp dụng")),"Xong",IF(COUNTIFS(Task!$A$5:$A$404,$A7,Task!$C$5:$C$404,I$3,Task!$K$5:$K$404,"Bị chặn")>0,"Bị chặn",IF(COUNTIFS(Task!$A$5:$A$404,$A7,Task!$C$5:$C$404,I$3,Task!$K$5:$K$404,"Hoàn thành")+COUNTIFS(Task!$A$5:$A$404,$A7,Task!$C$5:$C$404,I$3,Task!$K$5:$K$404,"Đang làm")>0,"Đang làm","Chưa"))))) | J7: =IF($A7="","",IF((COUNTIFS(Task!$A$5:$A$404,$A7,Task!$C$5:$C$404,J$3)-COUNTIFS(Task!$A$5:$A$404,$A7,Task!$C$5:$C$404,J$3,Task!$K$5:$K$404,"Không áp dụng"))=0,"–",IF(COUNTIFS(Task!$A$5:$A$404,$A7,Task!$C$5:$C$404,J$3,Task!$K$5:$K$404,"Hoàn thành")=(COUNTIFS(Task!$A$5:$A$404,$A7,Task!$C$5:$C$404,J$3)-COUNTIFS(Task!$A$5:$A$404,$A7,Task!$C$5:$C$404,J$3,Task!$K$5:$K$404,"Không áp dụng")),"Xong",IF(COUNTIFS(Task!$A$5:$A$404,$A7,Task!$C$5:$C$404,J$3,Task!$K$5:$K$404,"Bị chặn")>0,"Bị chặn",IF(COUNTIFS(Task!$A$5:$A$404,$A7,Task!$C$5:$C$404,J$3,Task!$K$5:$K$404,"Hoàn thành")+COUNTIFS(Task!$A$5:$A$404,$A7,Task!$C$5:$C$404,J$3,Task!$K$5:$K$404,"Đang làm")>0,"Đang làm","Chưa"))))) | K7: =IF($A7="","",IF((COUNTIFS(Task!$A$5:$A$404,$A7,Task!$C$5:$C$404,K$3)-COUNTIFS(Task!$A$5:$A$404,$A7,Task!$C$5:$C$404,K$3,Task!$K$5:$K$404,"Không áp dụng"))=0,"–",IF(COUNTIFS(Task!$A$5:$A$404,$A7,Task!$C$5:$C$404,K$3,Task!$K$5:$K$404,"Hoàn thành")=(COUNTIFS(Task!$A$5:$A$404,$A7,Task!$C$5:$C$404,K$3)-COUNTIFS(Task!$A$5:$A$404,$A7,Task!$C$5:$C$404,K$3,Task!$K$5:$K$404,"Không áp dụng")),"Xong",IF(COUNTIFS(Task!$A$5:$A$404,$A7,Task!$C$5:$C$404,K$3,Task!$K$5:$K$404,"Bị chặn")>0,"Bị chặn",IF(COUNTIFS(Task!$A$5:$A$404,$A7,Task!$C$5:$C$404,K$3,Task!$K$5:$K$404,"Hoàn thành")+COUNTIFS(Task!$A$5:$A$404,$A7,Task!$C$5:$C$404,K$3,Task!$K$5:$K$404,"Đang làm")>0,"Đang làm","Chưa"))))) | L7: =IF($A7="","",IF((COUNTIFS(Task!$A$5:$A$404,$A7,Task!$C$5:$C$404,L$3)-COUNTIFS(Task!$A$5:$A$404,$A7,Task!$C$5:$C$404,L$3,Task!$K$5:$K$404,"Không áp dụng"))=0,"–",IF(COUNTIFS(Task!$A$5:$A$404,$A7,Task!$C$5:$C$404,L$3,Task!$K$5:$K$404,"Hoàn thành")=(COUNTIFS(Task!$A$5:$A$404,$A7,Task!$C$5:$C$404,L$3)-COUNTIFS(Task!$A$5:$A$404,$A7,Task!$C$5:$C$404,L$3,Task!$K$5:$K$404,"Không áp dụng")),"Xong",IF(COUNTIFS(Task!$A$5:$A$404,$A7,Task!$C$5:$C$404,L$3,Task!$K$5:$K$404,"Bị chặn")>0,"Bị chặn",IF(COUNTIFS(Task!$A$5:$A$404,$A7,Task!$C$5:$C$404,L$3,Task!$K$5:$K$404,"Hoàn thành")+COUNTIFS(Task!$A$5:$A$404,$A7,Task!$C$5:$C$404,L$3,Task!$K$5:$K$404,"Đang làm")>0,"Đang làm","Chưa"))))) | M7: =IF($A7="","",IF((COUNTIFS(Task!$A$5:$A$404,$A7,Task!$C$5:$C$404,M$3)-COUNTIFS(Task!$A$5:$A$404,$A7,Task!$C$5:$C$404,M$3,Task!$K$5:$K$404,"Không áp dụng"))=0,"–",IF(COUNTIFS(Task!$A$5:$A$404,$A7,Task!$C$5:$C$404,M$3,Task!$K$5:$K$404,"Hoàn thành")=(COUNTIFS(Task!$A$5:$A$404,$A7,Task!$C$5:$C$404,M$3)-COUNTIFS(Task!$A$5:$A$404,$A7,Task!$C$5:$C$404,M$3,Task!$K$5:$K$404,"Không áp dụng")),"Xong",IF(COUNTIFS(Task!$A$5:$A$404,$A7,Task!$C$5:$C$404,M$3,Task!$K$5:$K$404,"Bị chặn")>0,"Bị chặn",IF(COUNTIFS(Task!$A$5:$A$404,$A7,Task!$C$5:$C$404,M$3,Task!$K$5:$K$404,"Hoàn thành")+COUNTIFS(Task!$A$5:$A$404,$A7,Task!$C$5:$C$404,M$3,Task!$K$5:$K$404,"Đang làm")>0,"Đang làm","Chưa"))))) | N7: =IF($A7="","",IF(F7<>"Xong",1,IF(G7<>"Xong",2,IF(H7<>"Xong",3,IF(I7<>"Xong",4,IF(J7<>"Xong",5,IF(K7<>"Xong",6,IF(L7<>"Xong",7,IF(M7<>"Xong",8,9))))))))) | O7: =IF($A7="","",IF($N7=9,"Hoàn tất",INDEX('Quy trình'!$B$5:$B$12,$N7))) | P7: =IF($A7="","",COUNTIFS(Task!$A$5:$A$404,$A7)-COUNTIFS(Task!$A$5:$A$404,$A7,Task!$K$5:$K$404,"Không áp dụng")) | Q7: =IF($A7="","",COUNTIFS(Task!$A$5:$A$404,$A7,Task!$K$5:$K$404,"Hoàn thành")) | R7: =IF($A7="","",Q7/MAX(P7,COUNTA('Mẫu task'!$A$5:$A$64))) | S7: =IF($A7="","",SUMIFS(Task!$O$5:$O$404,Task!$A$5:$A$404,$A7)) | T7: =IF($A7="","",COUNTIFS(Task!$A$5:$A$404,$A7,Task!$K$5:$K$404,"Bị chặn")) | U7: =IF($A7="","",IF(P7=0,"Chưa có task",IF(T7>0,"Bị chặn",IF(S7>0,"Có việc trễ",IF(N7=9,"Hoàn tất","Đúng tiến độ"))))) | V7: =IF($A7="","",IFERROR(INDEX('Chấm điểm'!$D$16:$M$16,MATCH($A7,'Chấm điểm'!$D$4:$M$4,0)),""))
F8: =IF($A8="","",IF((COUNTIFS(Task!$A$5:$A$404,$A8,Task!$C$5:$C$404,F$3)-COUNTIFS(Task!$A$5:$A$404,$A8,Task!$C$5:$C$404,F$3,Task!$K$5:$K$404,"Không áp dụng"))=0,"–",IF(COUNTIFS(Task!$A$5:$A$404,$A8,Task!$C$5:$C$404,F$3,Task!$K$5:$K$404,"Hoàn thành")=(COUNTIFS(Task!$A$5:$A$404,$A8,Task!$C$5:$C$404,F$3)-COUNTIFS(Task!$A$5:$A$404,$A8,Task!$C$5:$C$404,F$3,Task!$K$5:$K$404,"Không áp dụng")),"Xong",IF(COUNTIFS(Task!$A$5:$A$404,$A8,Task!$C$5:$C$404,F$3,Task!$K$5:$K$404,"Bị chặn")>0,"Bị chặn",IF(COUNTIFS(Task!$A$5:$A$404,$A8,Task!$C$5:$C$404,F$3,Task!$K$5:$K$404,"Hoàn thành")+COUNTIFS(Task!$A$5:$A$404,$A8,Task!$C$5:$C$404,F$3,Task!$K$5:$K$404,"Đang làm")>0,"Đang làm","Chưa"))))) | G8: =IF($A8="","",IF((COUNTIFS(Task!$A$5:$A$404,$A8,Task!$C$5:$C$404,G$3)-COUNTIFS(Task!$A$5:$A$404,$A8,Task!$C$5:$C$404,G$3,Task!$K$5:$K$404,"Không áp dụng"))=0,"–",IF(COUNTIFS(Task!$A$5:$A$404,$A8,Task!$C$5:$C$404,G$3,Task!$K$5:$K$404,"Hoàn thành")=(COUNTIFS(Task!$A$5:$A$404,$A8,Task!$C$5:$C$404,G$3)-COUNTIFS(Task!$A$5:$A$404,$A8,Task!$C$5:$C$404,G$3,Task!$K$5:$K$404,"Không áp dụng")),"Xong",IF(COUNTIFS(Task!$A$5:$A$404,$A8,Task!$C$5:$C$404,G$3,Task!$K$5:$K$404,"Bị chặn")>0,"Bị chặn",IF(COUNTIFS(Task!$A$5:$A$404,$A8,Task!$C$5:$C$404,G$3,Task!$K$5:$K$404,"Hoàn thành")+COUNTIFS(Task!$A$5:$A$404,$A8,Task!$C$5:$C$404,G$3,Task!$K$5:$K$404,"Đang làm")>0,"Đang làm","Chưa"))))) | H8: =IF($A8="","",IF((COUNTIFS(Task!$A$5:$A$404,$A8,Task!$C$5:$C$404,H$3)-COUNTIFS(Task!$A$5:$A$404,$A8,Task!$C$5:$C$404,H$3,Task!$K$5:$K$404,"Không áp dụng"))=0,"–",IF(COUNTIFS(Task!$A$5:$A$404,$A8,Task!$C$5:$C$404,H$3,Task!$K$5:$K$404,"Hoàn thành")=(COUNTIFS(Task!$A$5:$A$404,$A8,Task!$C$5:$C$404,H$3)-COUNTIFS(Task!$A$5:$A$404,$A8,Task!$C$5:$C$404,H$3,Task!$K$5:$K$404,"Không áp dụng")),"Xong",IF(COUNTIFS(Task!$A$5:$A$404,$A8,Task!$C$5:$C$404,H$3,Task!$K$5:$K$404,"Bị chặn")>0,"Bị chặn",IF(COUNTIFS(Task!$A$5:$A$404,$A8,Task!$C$5:$C$404,H$3,Task!$K$5:$K$404,"Hoàn thành")+COUNTIFS(Task!$A$5:$A$404,$A8,Task!$C$5:$C$404,H$3,Task!$K$5:$K$404,"Đang làm")>0,"Đang làm","Chưa"))))) | I8: =IF($A8="","",IF((COUNTIFS(Task!$A$5:$A$404,$A8,Task!$C$5:$C$404,I$3)-COUNTIFS(Task!$A$5:$A$404,$A8,Task!$C$5:$C$404,I$3,Task!$K$5:$K$404,"Không áp dụng"))=0,"–",IF(COUNTIFS(Task!$A$5:$A$404,$A8,Task!$C$5:$C$404,I$3,Task!$K$5:$K$404,"Hoàn thành")=(COUNTIFS(Task!$A$5:$A$404,$A8,Task!$C$5:$C$404,I$3)-COUNTIFS(Task!$A$5:$A$404,$A8,Task!$C$5:$C$404,I$3,Task!$K$5:$K$404,"Không áp dụng")),"Xong",IF(COUNTIFS(Task!$A$5:$A$404,$A8,Task!$C$5:$C$404,I$3,Task!$K$5:$K$404,"Bị chặn")>0,"Bị chặn",IF(COUNTIFS(Task!$A$5:$A$404,$A8,Task!$C$5:$C$404,I$3,Task!$K$5:$K$404,"Hoàn thành")+COUNTIFS(Task!$A$5:$A$404,$A8,Task!$C$5:$C$404,I$3,Task!$K$5:$K$404,"Đang làm")>0,"Đang làm","Chưa"))))) | J8: =IF($A8="","",IF((COUNTIFS(Task!$A$5:$A$404,$A8,Task!$C$5:$C$404,J$3)-COUNTIFS(Task!$A$5:$A$404,$A8,Task!$C$5:$C$404,J$3,Task!$K$5:$K$404,"Không áp dụng"))=0,"–",IF(COUNTIFS(Task!$A$5:$A$404,$A8,Task!$C$5:$C$404,J$3,Task!$K$5:$K$404,"Hoàn thành")=(COUNTIFS(Task!$A$5:$A$404,$A8,Task!$C$5:$C$404,J$3)-COUNTIFS(Task!$A$5:$A$404,$A8,Task!$C$5:$C$404,J$3,Task!$K$5:$K$404,"Không áp dụng")),"Xong",IF(COUNTIFS(Task!$A$5:$A$404,$A8,Task!$C$5:$C$404,J$3,Task!$K$5:$K$404,"Bị chặn")>0,"Bị chặn",IF(COUNTIFS(Task!$A$5:$A$404,$A8,Task!$C$5:$C$404,J$3,Task!$K$5:$K$404,"Hoàn thành")+COUNTIFS(Task!$A$5:$A$404,$A8,Task!$C$5:$C$404,J$3,Task!$K$5:$K$404,"Đang làm")>0,"Đang làm","Chưa"))))) | K8: =IF($A8="","",IF((COUNTIFS(Task!$A$5:$A$404,$A8,Task!$C$5:$C$404,K$3)-COUNTIFS(Task!$A$5:$A$404,$A8,Task!$C$5:$C$404,K$3,Task!$K$5:$K$404,"Không áp dụng"))=0,"–",IF(COUNTIFS(Task!$A$5:$A$404,$A8,Task!$C$5:$C$404,K$3,Task!$K$5:$K$404,"Hoàn thành")=(COUNTIFS(Task!$A$5:$A$404,$A8,Task!$C$5:$C$404,K$3)-COUNTIFS(Task!$A$5:$A$404,$A8,Task!$C$5:$C$404,K$3,Task!$K$5:$K$404,"Không áp dụng")),"Xong",IF(COUNTIFS(Task!$A$5:$A$404,$A8,Task!$C$5:$C$404,K$3,Task!$K$5:$K$404,"Bị chặn")>0,"Bị chặn",IF(COUNTIFS(Task!$A$5:$A$404,$A8,Task!$C$5:$C$404,K$3,Task!$K$5:$K$404,"Hoàn thành")+COUNTIFS(Task!$A$5:$A$404,$A8,Task!$C$5:$C$404,K$3,Task!$K$5:$K$404,"Đang làm")>0,"Đang làm","Chưa"))))) | L8: =IF($A8="","",IF((COUNTIFS(Task!$A$5:$A$404,$A8,Task!$C$5:$C$404,L$3)-COUNTIFS(Task!$A$5:$A$404,$A8,Task!$C$5:$C$404,L$3,Task!$K$5:$K$404,"Không áp dụng"))=0,"–",IF(COUNTIFS(Task!$A$5:$A$404,$A8,Task!$C$5:$C$404,L$3,Task!$K$5:$K$404,"Hoàn thành")=(COUNTIFS(Task!$A$5:$A$404,$A8,Task!$C$5:$C$404,L$3)-COUNTIFS(Task!$A$5:$A$404,$A8,Task!$C$5:$C$404,L$3,Task!$K$5:$K$404,"Không áp dụng")),"Xong",IF(COUNTIFS(Task!$A$5:$A$404,$A8,Task!$C$5:$C$404,L$3,Task!$K$5:$K$404,"Bị chặn")>0,"Bị chặn",IF(COUNTIFS(Task!$A$5:$A$404,$A8,Task!$C$5:$C$404,L$3,Task!$K$5:$K$404,"Hoàn thành")+COUNTIFS(Task!$A$5:$A$404,$A8,Task!$C$5:$C$404,L$3,Task!$K$5:$K$404,"Đang làm")>0,"Đang làm","Chưa"))))) | M8: =IF($A8="","",IF((COUNTIFS(Task!$A$5:$A$404,$A8,Task!$C$5:$C$404,M$3)-COUNTIFS(Task!$A$5:$A$404,$A8,Task!$C$5:$C$404,M$3,Task!$K$5:$K$404,"Không áp dụng"))=0,"–",IF(COUNTIFS(Task!$A$5:$A$404,$A8,Task!$C$5:$C$404,M$3,Task!$K$5:$K$404,"Hoàn thành")=(COUNTIFS(Task!$A$5:$A$404,$A8,Task!$C$5:$C$404,M$3)-COUNTIFS(Task!$A$5:$A$404,$A8,Task!$C$5:$C$404,M$3,Task!$K$5:$K$404,"Không áp dụng")),"Xong",IF(COUNTIFS(Task!$A$5:$A$404,$A8,Task!$C$5:$C$404,M$3,Task!$K$5:$K$404,"Bị chặn")>0,"Bị chặn",IF(COUNTIFS(Task!$A$5:$A$404,$A8,Task!$C$5:$C$404,M$3,Task!$K$5:$K$404,"Hoàn thành")+COUNTIFS(Task!$A$5:$A$404,$A8,Task!$C$5:$C$404,M$3,Task!$K$5:$K$404,"Đang làm")>0,"Đang làm","Chưa"))))) | N8: =IF($A8="","",IF(F8<>"Xong",1,IF(G8<>"Xong",2,IF(H8<>"Xong",3,IF(I8<>"Xong",4,IF(J8<>"Xong",5,IF(K8<>"Xong",6,IF(L8<>"Xong",7,IF(M8<>"Xong",8,9))))))))) | O8: =IF($A8="","",IF($N8=9,"Hoàn tất",INDEX('Quy trình'!$B$5:$B$12,$N8))) | P8: =IF($A8="","",COUNTIFS(Task!$A$5:$A$404,$A8)-COUNTIFS(Task!$A$5:$A$404,$A8,Task!$K$5:$K$404,"Không áp dụng")) | Q8: =IF($A8="","",COUNTIFS(Task!$A$5:$A$404,$A8,Task!$K$5:$K$404,"Hoàn thành")) | R8: =IF($A8="","",Q8/MAX(P8,COUNTA('Mẫu task'!$A$5:$A$64))) | S8: =IF($A8="","",SUMIFS(Task!$O$5:$O$404,Task!$A$5:$A$404,$A8)) | T8: =IF($A8="","",COUNTIFS(Task!$A$5:$A$404,$A8,Task!$K$5:$K$404,"Bị chặn")) | U8: =IF($A8="","",IF(P8=0,"Chưa có task",IF(T8>0,"Bị chặn",IF(S8>0,"Có việc trễ",IF(N8=9,"Hoàn tất","Đúng tiến độ"))))) | V8: =IF($A8="","",IFERROR(INDEX('Chấm điểm'!$D$16:$M$16,MATCH($A8,'Chấm điểm'!$D$4:$M$4,0)),""))
F9: =IF($A9="","",IF((COUNTIFS(Task!$A$5:$A$404,$A9,Task!$C$5:$C$404,F$3)-COUNTIFS(Task!$A$5:$A$404,$A9,Task!$C$5:$C$404,F$3,Task!$K$5:$K$404,"Không áp dụng"))=0,"–",IF(COUNTIFS(Task!$A$5:$A$404,$A9,Task!$C$5:$C$404,F$3,Task!$K$5:$K$404,"Hoàn thành")=(COUNTIFS(Task!$A$5:$A$404,$A9,Task!$C$5:$C$404,F$3)-COUNTIFS(Task!$A$5:$A$404,$A9,Task!$C$5:$C$404,F$3,Task!$K$5:$K$404,"Không áp dụng")),"Xong",IF(COUNTIFS(Task!$A$5:$A$404,$A9,Task!$C$5:$C$404,F$3,Task!$K$5:$K$404,"Bị chặn")>0,"Bị chặn",IF(COUNTIFS(Task!$A$5:$A$404,$A9,Task!$C$5:$C$404,F$3,Task!$K$5:$K$404,"Hoàn thành")+COUNTIFS(Task!$A$5:$A$404,$A9,Task!$C$5:$C$404,F$3,Task!$K$5:$K$404,"Đang làm")>0,"Đang làm","Chưa"))))) | G9: =IF($A9="","",IF((COUNTIFS(Task!$A$5:$A$404,$A9,Task!$C$5:$C$404,G$3)-COUNTIFS(Task!$A$5:$A$404,$A9,Task!$C$5:$C$404,G$3,Task!$K$5:$K$404,"Không áp dụng"))=0,"–",IF(COUNTIFS(Task!$A$5:$A$404,$A9,Task!$C$5:$C$404,G$3,Task!$K$5:$K$404,"Hoàn thành")=(COUNTIFS(Task!$A$5:$A$404,$A9,Task!$C$5:$C$404,G$3)-COUNTIFS(Task!$A$5:$A$404,$A9,Task!$C$5:$C$404,G$3,Task!$K$5:$K$404,"Không áp dụng")),"Xong",IF(COUNTIFS(Task!$A$5:$A$404,$A9,Task!$C$5:$C$404,G$3,Task!$K$5:$K$404,"Bị chặn")>0,"Bị chặn",IF(COUNTIFS(Task!$A$5:$A$404,$A9,Task!$C$5:$C$404,G$3,Task!$K$5:$K$404,"Hoàn thành")+COUNTIFS(Task!$A$5:$A$404,$A9,Task!$C$5:$C$404,G$3,Task!$K$5:$K$404,"Đang làm")>0,"Đang làm","Chưa"))))) | H9: =IF($A9="","",IF((COUNTIFS(Task!$A$5:$A$404,$A9,Task!$C$5:$C$404,H$3)-COUNTIFS(Task!$A$5:$A$404,$A9,Task!$C$5:$C$404,H$3,Task!$K$5:$K$404,"Không áp dụng"))=0,"–",IF(COUNTIFS(Task!$A$5:$A$404,$A9,Task!$C$5:$C$404,H$3,Task!$K$5:$K$404,"Hoàn thành")=(COUNTIFS(Task!$A$5:$A$404,$A9,Task!$C$5:$C$404,H$3)-COUNTIFS(Task!$A$5:$A$404,$A9,Task!$C$5:$C$404,H$3,Task!$K$5:$K$404,"Không áp dụng")),"Xong",IF(COUNTIFS(Task!$A$5:$A$404,$A9,Task!$C$5:$C$404,H$3,Task!$K$5:$K$404,"Bị chặn")>0,"Bị chặn",IF(COUNTIFS(Task!$A$5:$A$404,$A9,Task!$C$5:$C$404,H$3,Task!$K$5:$K$404,"Hoàn thành")+COUNTIFS(Task!$A$5:$A$404,$A9,Task!$C$5:$C$404,H$3,Task!$K$5:$K$404,"Đang làm")>0,"Đang làm","Chưa"))))) | I9: =IF($A9="","",IF((COUNTIFS(Task!$A$5:$A$404,$A9,Task!$C$5:$C$404,I$3)-COUNTIFS(Task!$A$5:$A$404,$A9,Task!$C$5:$C$404,I$3,Task!$K$5:$K$404,"Không áp dụng"))=0,"–",IF(COUNTIFS(Task!$A$5:$A$404,$A9,Task!$C$5:$C$404,I$3,Task!$K$5:$K$404,"Hoàn thành")=(COUNTIFS(Task!$A$5:$A$404,$A9,Task!$C$5:$C$404,I$3)-COUNTIFS(Task!$A$5:$A$404,$A9,Task!$C$5:$C$404,I$3,Task!$K$5:$K$404,"Không áp dụng")),"Xong",IF(COUNTIFS(Task!$A$5:$A$404,$A9,Task!$C$5:$C$404,I$3,Task!$K$5:$K$404,"Bị chặn")>0,"Bị chặn",IF(COUNTIFS(Task!$A$5:$A$404,$A9,Task!$C$5:$C$404,I$3,Task!$K$5:$K$404,"Hoàn thành")+COUNTIFS(Task!$A$5:$A$404,$A9,Task!$C$5:$C$404,I$3,Task!$K$5:$K$404,"Đang làm")>0,"Đang làm","Chưa"))))) | J9: =IF($A9="","",IF((COUNTIFS(Task!$A$5:$A$404,$A9,Task!$C$5:$C$404,J$3)-COUNTIFS(Task!$A$5:$A$404,$A9,Task!$C$5:$C$404,J$3,Task!$K$5:$K$404,"Không áp dụng"))=0,"–",IF(COUNTIFS(Task!$A$5:$A$404,$A9,Task!$C$5:$C$404,J$3,Task!$K$5:$K$404,"Hoàn thành")=(COUNTIFS(Task!$A$5:$A$404,$A9,Task!$C$5:$C$404,J$3)-COUNTIFS(Task!$A$5:$A$404,$A9,Task!$C$5:$C$404,J$3,Task!$K$5:$K$404,"Không áp dụng")),"Xong",IF(COUNTIFS(Task!$A$5:$A$404,$A9,Task!$C$5:$C$404,J$3,Task!$K$5:$K$404,"Bị chặn")>0,"Bị chặn",IF(COUNTIFS(Task!$A$5:$A$404,$A9,Task!$C$5:$C$404,J$3,Task!$K$5:$K$404,"Hoàn thành")+COUNTIFS(Task!$A$5:$A$404,$A9,Task!$C$5:$C$404,J$3,Task!$K$5:$K$404,"Đang làm")>0,"Đang làm","Chưa"))))) | K9: =IF($A9="","",IF((COUNTIFS(Task!$A$5:$A$404,$A9,Task!$C$5:$C$404,K$3)-COUNTIFS(Task!$A$5:$A$404,$A9,Task!$C$5:$C$404,K$3,Task!$K$5:$K$404,"Không áp dụng"))=0,"–",IF(COUNTIFS(Task!$A$5:$A$404,$A9,Task!$C$5:$C$404,K$3,Task!$K$5:$K$404,"Hoàn thành")=(COUNTIFS(Task!$A$5:$A$404,$A9,Task!$C$5:$C$404,K$3)-COUNTIFS(Task!$A$5:$A$404,$A9,Task!$C$5:$C$404,K$3,Task!$K$5:$K$404,"Không áp dụng")),"Xong",IF(COUNTIFS(Task!$A$5:$A$404,$A9,Task!$C$5:$C$404,K$3,Task!$K$5:$K$404,"Bị chặn")>0,"Bị chặn",IF(COUNTIFS(Task!$A$5:$A$404,$A9,Task!$C$5:$C$404,K$3,Task!$K$5:$K$404,"Hoàn thành")+COUNTIFS(Task!$A$5:$A$404,$A9,Task!$C$5:$C$404,K$3,Task!$K$5:$K$404,"Đang làm")>0,"Đang làm","Chưa"))))) | L9: =IF($A9="","",IF((COUNTIFS(Task!$A$5:$A$404,$A9,Task!$C$5:$C$404,L$3)-COUNTIFS(Task!$A$5:$A$404,$A9,Task!$C$5:$C$404,L$3,Task!$K$5:$K$404,"Không áp dụng"))=0,"–",IF(COUNTIFS(Task!$A$5:$A$404,$A9,Task!$C$5:$C$404,L$3,Task!$K$5:$K$404,"Hoàn thành")=(COUNTIFS(Task!$A$5:$A$404,$A9,Task!$C$5:$C$404,L$3)-COUNTIFS(Task!$A$5:$A$404,$A9,Task!$C$5:$C$404,L$3,Task!$K$5:$K$404,"Không áp dụng")),"Xong",IF(COUNTIFS(Task!$A$5:$A$404,$A9,Task!$C$5:$C$404,L$3,Task!$K$5:$K$404,"Bị chặn")>0,"Bị chặn",IF(COUNTIFS(Task!$A$5:$A$404,$A9,Task!$C$5:$C$404,L$3,Task!$K$5:$K$404,"Hoàn thành")+COUNTIFS(Task!$A$5:$A$404,$A9,Task!$C$5:$C$404,L$3,Task!$K$5:$K$404,"Đang làm")>0,"Đang làm","Chưa"))))) | M9: =IF($A9="","",IF((COUNTIFS(Task!$A$5:$A$404,$A9,Task!$C$5:$C$404,M$3)-COUNTIFS(Task!$A$5:$A$404,$A9,Task!$C$5:$C$404,M$3,Task!$K$5:$K$404,"Không áp dụng"))=0,"–",IF(COUNTIFS(Task!$A$5:$A$404,$A9,Task!$C$5:$C$404,M$3,Task!$K$5:$K$404,"Hoàn thành")=(COUNTIFS(Task!$A$5:$A$404,$A9,Task!$C$5:$C$404,M$3)-COUNTIFS(Task!$A$5:$A$404,$A9,Task!$C$5:$C$404,M$3,Task!$K$5:$K$404,"Không áp dụng")),"Xong",IF(COUNTIFS(Task!$A$5:$A$404,$A9,Task!$C$5:$C$404,M$3,Task!$K$5:$K$404,"Bị chặn")>0,"Bị chặn",IF(COUNTIFS(Task!$A$5:$A$404,$A9,Task!$C$5:$C$404,M$3,Task!$K$5:$K$404,"Hoàn thành")+COUNTIFS(Task!$A$5:$A$404,$A9,Task!$C$5:$C$404,M$3,Task!$K$5:$K$404,"Đang làm")>0,"Đang làm","Chưa"))))) | N9: =IF($A9="","",IF(F9<>"Xong",1,IF(G9<>"Xong",2,IF(H9<>"Xong",3,IF(I9<>"Xong",4,IF(J9<>"Xong",5,IF(K9<>"Xong",6,IF(L9<>"Xong",7,IF(M9<>"Xong",8,9))))))))) | O9: =IF($A9="","",IF($N9=9,"Hoàn tất",INDEX('Quy trình'!$B$5:$B$12,$N9))) | P9: =IF($A9="","",COUNTIFS(Task!$A$5:$A$404,$A9)-COUNTIFS(Task!$A$5:$A$404,$A9,Task!$K$5:$K$404,"Không áp dụng")) | Q9: =IF($A9="","",COUNTIFS(Task!$A$5:$A$404,$A9,Task!$K$5:$K$404,"Hoàn thành")) | R9: =IF($A9="","",Q9/MAX(P9,COUNTA('Mẫu task'!$A$5:$A$64))) | S9: =IF($A9="","",SUMIFS(Task!$O$5:$O$404,Task!$A$5:$A$404,$A9)) | T9: =IF($A9="","",COUNTIFS(Task!$A$5:$A$404,$A9,Task!$K$5:$K$404,"Bị chặn")) | U9: =IF($A9="","",IF(P9=0,"Chưa có task",IF(T9>0,"Bị chặn",IF(S9>0,"Có việc trễ",IF(N9=9,"Hoàn tất","Đúng tiến độ"))))) | V9: =IF($A9="","",IFERROR(INDEX('Chấm điểm'!$D$16:$M$16,MATCH($A9,'Chấm điểm'!$D$4:$M$4,0)),""))
F10: =IF($A10="","",IF((COUNTIFS(Task!$A$5:$A$404,$A10,Task!$C$5:$C$404,F$3)-COUNTIFS(Task!$A$5:$A$404,$A10,Task!$C$5:$C$404,F$3,Task!$K$5:$K$404,"Không áp dụng"))=0,"–",IF(COUNTIFS(Task!$A$5:$A$404,$A10,Task!$C$5:$C$404,F$3,Task!$K$5:$K$404,"Hoàn thành")=(COUNTIFS(Task!$A$5:$A$404,$A10,Task!$C$5:$C$404,F$3)-COUNTIFS(Task!$A$5:$A$404,$A10,Task!$C$5:$C$404,F$3,Task!$K$5:$K$404,"Không áp dụng")),"Xong",IF(COUNTIFS(Task!$A$5:$A$404,$A10,Task!$C$5:$C$404,F$3,Task!$K$5:$K$404,"Bị chặn")>0,"Bị chặn",IF(COUNTIFS(Task!$A$5:$A$404,$A10,Task!$C$5:$C$404,F$3,Task!$K$5:$K$404,"Hoàn thành")+COUNTIFS(Task!$A$5:$A$404,$A10,Task!$C$5:$C$404,F$3,Task!$K$5:$K$404,"Đang làm")>0,"Đang làm","Chưa"))))) | G10: =IF($A10="","",IF((COUNTIFS(Task!$A$5:$A$404,$A10,Task!$C$5:$C$404,G$3)-COUNTIFS(Task!$A$5:$A$404,$A10,Task!$C$5:$C$404,G$3,Task!$K$5:$K$404,"Không áp dụng"))=0,"–",IF(COUNTIFS(Task!$A$5:$A$404,$A10,Task!$C$5:$C$404,G$3,Task!$K$5:$K$404,"Hoàn thành")=(COUNTIFS(Task!$A$5:$A$404,$A10,Task!$C$5:$C$404,G$3)-COUNTIFS(Task!$A$5:$A$404,$A10,Task!$C$5:$C$404,G$3,Task!$K$5:$K$404,"Không áp dụng")),"Xong",IF(COUNTIFS(Task!$A$5:$A$404,$A10,Task!$C$5:$C$404,G$3,Task!$K$5:$K$404,"Bị chặn")>0,"Bị chặn",IF(COUNTIFS(Task!$A$5:$A$404,$A10,Task!$C$5:$C$404,G$3,Task!$K$5:$K$404,"Hoàn thành")+COUNTIFS(Task!$A$5:$A$404,$A10,Task!$C$5:$C$404,G$3,Task!$K$5:$K$404,"Đang làm")>0,"Đang làm","Chưa"))))) | H10: =IF($A10="","",IF((COUNTIFS(Task!$A$5:$A$404,$A10,Task!$C$5:$C$404,H$3)-COUNTIFS(Task!$A$5:$A$404,$A10,Task!$C$5:$C$404,H$3,Task!$K$5:$K$404,"Không áp dụng"))=0,"–",IF(COUNTIFS(Task!$A$5:$A$404,$A10,Task!$C$5:$C$404,H$3,Task!$K$5:$K$404,"Hoàn thành")=(COUNTIFS(Task!$A$5:$A$404,$A10,Task!$C$5:$C$404,H$3)-COUNTIFS(Task!$A$5:$A$404,$A10,Task!$C$5:$C$404,H$3,Task!$K$5:$K$404,"Không áp dụng")),"Xong",IF(COUNTIFS(Task!$A$5:$A$404,$A10,Task!$C$5:$C$404,H$3,Task!$K$5:$K$404,"Bị chặn")>0,"Bị chặn",IF(COUNTIFS(Task!$A$5:$A$404,$A10,Task!$C$5:$C$404,H$3,Task!$K$5:$K$404,"Hoàn thành")+COUNTIFS(Task!$A$5:$A$404,$A10,Task!$C$5:$C$404,H$3,Task!$K$5:$K$404,"Đang làm")>0,"Đang làm","Chưa"))))) | I10: =IF($A10="","",IF((COUNTIFS(Task!$A$5:$A$404,$A10,Task!$C$5:$C$404,I$3)-COUNTIFS(Task!$A$5:$A$404,$A10,Task!$C$5:$C$404,I$3,Task!$K$5:$K$404,"Không áp dụng"))=0,"–",IF(COUNTIFS(Task!$A$5:$A$404,$A10,Task!$C$5:$C$404,I$3,Task!$K$5:$K$404,"Hoàn thành")=(COUNTIFS(Task!$A$5:$A$404,$A10,Task!$C$5:$C$404,I$3)-COUNTIFS(Task!$A$5:$A$404,$A10,Task!$C$5:$C$404,I$3,Task!$K$5:$K$404,"Không áp dụng")),"Xong",IF(COUNTIFS(Task!$A$5:$A$404,$A10,Task!$C$5:$C$404,I$3,Task!$K$5:$K$404,"Bị chặn")>0,"Bị chặn",IF(COUNTIFS(Task!$A$5:$A$404,$A10,Task!$C$5:$C$404,I$3,Task!$K$5:$K$404,"Hoàn thành")+COUNTIFS(Task!$A$5:$A$404,$A10,Task!$C$5:$C$404,I$3,Task!$K$5:$K$404,"Đang làm")>0,"Đang làm","Chưa"))))) | J10: =IF($A10="","",IF((COUNTIFS(Task!$A$5:$A$404,$A10,Task!$C$5:$C$404,J$3)-COUNTIFS(Task!$A$5:$A$404,$A10,Task!$C$5:$C$404,J$3,Task!$K$5:$K$404,"Không áp dụng"))=0,"–",IF(COUNTIFS(Task!$A$5:$A$404,$A10,Task!$C$5:$C$404,J$3,Task!$K$5:$K$404,"Hoàn thành")=(COUNTIFS(Task!$A$5:$A$404,$A10,Task!$C$5:$C$404,J$3)-COUNTIFS(Task!$A$5:$A$404,$A10,Task!$C$5:$C$404,J$3,Task!$K$5:$K$404,"Không áp dụng")),"Xong",IF(COUNTIFS(Task!$A$5:$A$404,$A10,Task!$C$5:$C$404,J$3,Task!$K$5:$K$404,"Bị chặn")>0,"Bị chặn",IF(COUNTIFS(Task!$A$5:$A$404,$A10,Task!$C$5:$C$404,J$3,Task!$K$5:$K$404,"Hoàn thành")+COUNTIFS(Task!$A$5:$A$404,$A10,Task!$C$5:$C$404,J$3,Task!$K$5:$K$404,"Đang làm")>0,"Đang làm","Chưa"))))) | K10: =IF($A10="","",IF((COUNTIFS(Task!$A$5:$A$404,$A10,Task!$C$5:$C$404,K$3)-COUNTIFS(Task!$A$5:$A$404,$A10,Task!$C$5:$C$404,K$3,Task!$K$5:$K$404,"Không áp dụng"))=0,"–",IF(COUNTIFS(Task!$A$5:$A$404,$A10,Task!$C$5:$C$404,K$3,Task!$K$5:$K$404,"Hoàn thành")=(COUNTIFS(Task!$A$5:$A$404,$A10,Task!$C$5:$C$404,K$3)-COUNTIFS(Task!$A$5:$A$404,$A10,Task!$C$5:$C$404,K$3,Task!$K$5:$K$404,"Không áp dụng")),"Xong",IF(COUNTIFS(Task!$A$5:$A$404,$A10,Task!$C$5:$C$404,K$3,Task!$K$5:$K$404,"Bị chặn")>0,"Bị chặn",IF(COUNTIFS(Task!$A$5:$A$404,$A10,Task!$C$5:$C$404,K$3,Task!$K$5:$K$404,"Hoàn thành")+COUNTIFS(Task!$A$5:$A$404,$A10,Task!$C$5:$C$404,K$3,Task!$K$5:$K$404,"Đang làm")>0,"Đang làm","Chưa"))))) | L10: =IF($A10="","",IF((COUNTIFS(Task!$A$5:$A$404,$A10,Task!$C$5:$C$404,L$3)-COUNTIFS(Task!$A$5:$A$404,$A10,Task!$C$5:$C$404,L$3,Task!$K$5:$K$404,"Không áp dụng"))=0,"–",IF(COUNTIFS(Task!$A$5:$A$404,$A10,Task!$C$5:$C$404,L$3,Task!$K$5:$K$404,"Hoàn thành")=(COUNTIFS(Task!$A$5:$A$404,$A10,Task!$C$5:$C$404,L$3)-COUNTIFS(Task!$A$5:$A$404,$A10,Task!$C$5:$C$404,L$3,Task!$K$5:$K$404,"Không áp dụng")),"Xong",IF(COUNTIFS(Task!$A$5:$A$404,$A10,Task!$C$5:$C$404,L$3,Task!$K$5:$K$404,"Bị chặn")>0,"Bị chặn",IF(COUNTIFS(Task!$A$5:$A$404,$A10,Task!$C$5:$C$404,L$3,Task!$K$5:$K$404,"Hoàn thành")+COUNTIFS(Task!$A$5:$A$404,$A10,Task!$C$5:$C$404,L$3,Task!$K$5:$K$404,"Đang làm")>0,"Đang làm","Chưa"))))) | M10: =IF($A10="","",IF((COUNTIFS(Task!$A$5:$A$404,$A10,Task!$C$5:$C$404,M$3)-COUNTIFS(Task!$A$5:$A$404,$A10,Task!$C$5:$C$404,M$3,Task!$K$5:$K$404,"Không áp dụng"))=0,"–",IF(COUNTIFS(Task!$A$5:$A$404,$A10,Task!$C$5:$C$404,M$3,Task!$K$5:$K$404,"Hoàn thành")=(COUNTIFS(Task!$A$5:$A$404,$A10,Task!$C$5:$C$404,M$3)-COUNTIFS(Task!$A$5:$A$404,$A10,Task!$C$5:$C$404,M$3,Task!$K$5:$K$404,"Không áp dụng")),"Xong",IF(COUNTIFS(Task!$A$5:$A$404,$A10,Task!$C$5:$C$404,M$3,Task!$K$5:$K$404,"Bị chặn")>0,"Bị chặn",IF(COUNTIFS(Task!$A$5:$A$404,$A10,Task!$C$5:$C$404,M$3,Task!$K$5:$K$404,"Hoàn thành")+COUNTIFS(Task!$A$5:$A$404,$A10,Task!$C$5:$C$404,M$3,Task!$K$5:$K$404,"Đang làm")>0,"Đang làm","Chưa"))))) | N10: =IF($A10="","",IF(F10<>"Xong",1,IF(G10<>"Xong",2,IF(H10<>"Xong",3,IF(I10<>"Xong",4,IF(J10<>"Xong",5,IF(K10<>"Xong",6,IF(L10<>"Xong",7,IF(M10<>"Xong",8,9))))))))) | O10: =IF($A10="","",IF($N10=9,"Hoàn tất",INDEX('Quy trình'!$B$5:$B$12,$N10))) | P10: =IF($A10="","",COUNTIFS(Task!$A$5:$A$404,$A10)-COUNTIFS(Task!$A$5:$A$404,$A10,Task!$K$5:$K$404,"Không áp dụng")) | Q10: =IF($A10="","",COUNTIFS(Task!$A$5:$A$404,$A10,Task!$K$5:$K$404,"Hoàn thành")) | R10: =IF($A10="","",Q10/MAX(P10,COUNTA('Mẫu task'!$A$5:$A$64))) | S10: =IF($A10="","",SUMIFS(Task!$O$5:$O$404,Task!$A$5:$A$404,$A10)) | T10: =IF($A10="","",COUNTIFS(Task!$A$5:$A$404,$A10,Task!$K$5:$K$404,"Bị chặn")) | U10: =IF($A10="","",IF(P10=0,"Chưa có task",IF(T10>0,"Bị chặn",IF(S10>0,"Có việc trễ",IF(N10=9,"Hoàn tất","Đúng tiến độ"))))) | V10: =IF($A10="","",IFERROR(INDEX('Chấm điểm'!$D$16:$M$16,MATCH($A10,'Chấm điểm'!$D$4:$M$4,0)),""))
F11: =IF($A11="","",IF((COUNTIFS(Task!$A$5:$A$404,$A11,Task!$C$5:$C$404,F$3)-COUNTIFS(Task!$A$5:$A$404,$A11,Task!$C$5:$C$404,F$3,Task!$K$5:$K$404,"Không áp dụng"))=0,"–",IF(COUNTIFS(Task!$A$5:$A$404,$A11,Task!$C$5:$C$404,F$3,Task!$K$5:$K$404,"Hoàn thành")=(COUNTIFS(Task!$A$5:$A$404,$A11,Task!$C$5:$C$404,F$3)-COUNTIFS(Task!$A$5:$A$404,$A11,Task!$C$5:$C$404,F$3,Task!$K$5:$K$404,"Không áp dụng")),"Xong",IF(COUNTIFS(Task!$A$5:$A$404,$A11,Task!$C$5:$C$404,F$3,Task!$K$5:$K$404,"Bị chặn")>0,"Bị chặn",IF(COUNTIFS(Task!$A$5:$A$404,$A11,Task!$C$5:$C$404,F$3,Task!$K$5:$K$404,"Hoàn thành")+COUNTIFS(Task!$A$5:$A$404,$A11,Task!$C$5:$C$404,F$3,Task!$K$5:$K$404,"Đang làm")>0,"Đang làm","Chưa"))))) | G11: =IF($A11="","",IF((COUNTIFS(Task!$A$5:$A$404,$A11,Task!$C$5:$C$404,G$3)-COUNTIFS(Task!$A$5:$A$404,$A11,Task!$C$5:$C$404,G$3,Task!$K$5:$K$404,"Không áp dụng"))=0,"–",IF(COUNTIFS(Task!$A$5:$A$404,$A11,Task!$C$5:$C$404,G$3,Task!$K$5:$K$404,"Hoàn thành")=(COUNTIFS(Task!$A$5:$A$404,$A11,Task!$C$5:$C$404,G$3)-COUNTIFS(Task!$A$5:$A$404,$A11,Task!$C$5:$C$404,G$3,Task!$K$5:$K$404,"Không áp dụng")),"Xong",IF(COUNTIFS(Task!$A$5:$A$404,$A11,Task!$C$5:$C$404,G$3,Task!$K$5:$K$404,"Bị chặn")>0,"Bị chặn",IF(COUNTIFS(Task!$A$5:$A$404,$A11,Task!$C$5:$C$404,G$3,Task!$K$5:$K$404,"Hoàn thành")+COUNTIFS(Task!$A$5:$A$404,$A11,Task!$C$5:$C$404,G$3,Task!$K$5:$K$404,"Đang làm")>0,"Đang làm","Chưa"))))) | H11: =IF($A11="","",IF((COUNTIFS(Task!$A$5:$A$404,$A11,Task!$C$5:$C$404,H$3)-COUNTIFS(Task!$A$5:$A$404,$A11,Task!$C$5:$C$404,H$3,Task!$K$5:$K$404,"Không áp dụng"))=0,"–",IF(COUNTIFS(Task!$A$5:$A$404,$A11,Task!$C$5:$C$404,H$3,Task!$K$5:$K$404,"Hoàn thành")=(COUNTIFS(Task!$A$5:$A$404,$A11,Task!$C$5:$C$404,H$3)-COUNTIFS(Task!$A$5:$A$404,$A11,Task!$C$5:$C$404,H$3,Task!$K$5:$K$404,"Không áp dụng")),"Xong",IF(COUNTIFS(Task!$A$5:$A$404,$A11,Task!$C$5:$C$404,H$3,Task!$K$5:$K$404,"Bị chặn")>0,"Bị chặn",IF(COUNTIFS(Task!$A$5:$A$404,$A11,Task!$C$5:$C$404,H$3,Task!$K$5:$K$404,"Hoàn thành")+COUNTIFS(Task!$A$5:$A$404,$A11,Task!$C$5:$C$404,H$3,Task!$K$5:$K$404,"Đang làm")>0,"Đang làm","Chưa"))))) | I11: =IF($A11="","",IF((COUNTIFS(Task!$A$5:$A$404,$A11,Task!$C$5:$C$404,I$3)-COUNTIFS(Task!$A$5:$A$404,$A11,Task!$C$5:$C$404,I$3,Task!$K$5:$K$404,"Không áp dụng"))=0,"–",IF(COUNTIFS(Task!$A$5:$A$404,$A11,Task!$C$5:$C$404,I$3,Task!$K$5:$K$404,"Hoàn thành")=(COUNTIFS(Task!$A$5:$A$404,$A11,Task!$C$5:$C$404,I$3)-COUNTIFS(Task!$A$5:$A$404,$A11,Task!$C$5:$C$404,I$3,Task!$K$5:$K$404,"Không áp dụng")),"Xong",IF(COUNTIFS(Task!$A$5:$A$404,$A11,Task!$C$5:$C$404,I$3,Task!$K$5:$K$404,"Bị chặn")>0,"Bị chặn",IF(COUNTIFS(Task!$A$5:$A$404,$A11,Task!$C$5:$C$404,I$3,Task!$K$5:$K$404,"Hoàn thành")+COUNTIFS(Task!$A$5:$A$404,$A11,Task!$C$5:$C$404,I$3,Task!$K$5:$K$404,"Đang làm")>0,"Đang làm","Chưa"))))) | J11: =IF($A11="","",IF((COUNTIFS(Task!$A$5:$A$404,$A11,Task!$C$5:$C$404,J$3)-COUNTIFS(Task!$A$5:$A$404,$A11,Task!$C$5:$C$404,J$3,Task!$K$5:$K$404,"Không áp dụng"))=0,"–",IF(COUNTIFS(Task!$A$5:$A$404,$A11,Task!$C$5:$C$404,J$3,Task!$K$5:$K$404,"Hoàn thành")=(COUNTIFS(Task!$A$5:$A$404,$A11,Task!$C$5:$C$404,J$3)-COUNTIFS(Task!$A$5:$A$404,$A11,Task!$C$5:$C$404,J$3,Task!$K$5:$K$404,"Không áp dụng")),"Xong",IF(COUNTIFS(Task!$A$5:$A$404,$A11,Task!$C$5:$C$404,J$3,Task!$K$5:$K$404,"Bị chặn")>0,"Bị chặn",IF(COUNTIFS(Task!$A$5:$A$404,$A11,Task!$C$5:$C$404,J$3,Task!$K$5:$K$404,"Hoàn thành")+COUNTIFS(Task!$A$5:$A$404,$A11,Task!$C$5:$C$404,J$3,Task!$K$5:$K$404,"Đang làm")>0,"Đang làm","Chưa"))))) | K11: =IF($A11="","",IF((COUNTIFS(Task!$A$5:$A$404,$A11,Task!$C$5:$C$404,K$3)-COUNTIFS(Task!$A$5:$A$404,$A11,Task!$C$5:$C$404,K$3,Task!$K$5:$K$404,"Không áp dụng"))=0,"–",IF(COUNTIFS(Task!$A$5:$A$404,$A11,Task!$C$5:$C$404,K$3,Task!$K$5:$K$404,"Hoàn thành")=(COUNTIFS(Task!$A$5:$A$404,$A11,Task!$C$5:$C$404,K$3)-COUNTIFS(Task!$A$5:$A$404,$A11,Task!$C$5:$C$404,K$3,Task!$K$5:$K$404,"Không áp dụng")),"Xong",IF(COUNTIFS(Task!$A$5:$A$404,$A11,Task!$C$5:$C$404,K$3,Task!$K$5:$K$404,"Bị chặn")>0,"Bị chặn",IF(COUNTIFS(Task!$A$5:$A$404,$A11,Task!$C$5:$C$404,K$3,Task!$K$5:$K$404,"Hoàn thành")+COUNTIFS(Task!$A$5:$A$404,$A11,Task!$C$5:$C$404,K$3,Task!$K$5:$K$404,"Đang làm")>0,"Đang làm","Chưa"))))) | L11: =IF($A11="","",IF((COUNTIFS(Task!$A$5:$A$404,$A11,Task!$C$5:$C$404,L$3)-COUNTIFS(Task!$A$5:$A$404,$A11,Task!$C$5:$C$404,L$3,Task!$K$5:$K$404,"Không áp dụng"))=0,"–",IF(COUNTIFS(Task!$A$5:$A$404,$A11,Task!$C$5:$C$404,L$3,Task!$K$5:$K$404,"Hoàn thành")=(COUNTIFS(Task!$A$5:$A$404,$A11,Task!$C$5:$C$404,L$3)-COUNTIFS(Task!$A$5:$A$404,$A11,Task!$C$5:$C$404,L$3,Task!$K$5:$K$404,"Không áp dụng")),"Xong",IF(COUNTIFS(Task!$A$5:$A$404,$A11,Task!$C$5:$C$404,L$3,Task!$K$5:$K$404,"Bị chặn")>0,"Bị chặn",IF(COUNTIFS(Task!$A$5:$A$404,$A11,Task!$C$5:$C$404,L$3,Task!$K$5:$K$404,"Hoàn thành")+COUNTIFS(Task!$A$5:$A$404,$A11,Task!$C$5:$C$404,L$3,Task!$K$5:$K$404,"Đang làm")>0,"Đang làm","Chưa"))))) | M11: =IF($A11="","",IF((COUNTIFS(Task!$A$5:$A$404,$A11,Task!$C$5:$C$404,M$3)-COUNTIFS(Task!$A$5:$A$404,$A11,Task!$C$5:$C$404,M$3,Task!$K$5:$K$404,"Không áp dụng"))=0,"–",IF(COUNTIFS(Task!$A$5:$A$404,$A11,Task!$C$5:$C$404,M$3,Task!$K$5:$K$404,"Hoàn thành")=(COUNTIFS(Task!$A$5:$A$404,$A11,Task!$C$5:$C$404,M$3)-COUNTIFS(Task!$A$5:$A$404,$A11,Task!$C$5:$C$404,M$3,Task!$K$5:$K$404,"Không áp dụng")),"Xong",IF(COUNTIFS(Task!$A$5:$A$404,$A11,Task!$C$5:$C$404,M$3,Task!$K$5:$K$404,"Bị chặn")>0,"Bị chặn",IF(COUNTIFS(Task!$A$5:$A$404,$A11,Task!$C$5:$C$404,M$3,Task!$K$5:$K$404,"Hoàn thành")+COUNTIFS(Task!$A$5:$A$404,$A11,Task!$C$5:$C$404,M$3,Task!$K$5:$K$404,"Đang làm")>0,"Đang làm","Chưa"))))) | N11: =IF($A11="","",IF(F11<>"Xong",1,IF(G11<>"Xong",2,IF(H11<>"Xong",3,IF(I11<>"Xong",4,IF(J11<>"Xong",5,IF(K11<>"Xong",6,IF(L11<>"Xong",7,IF(M11<>"Xong",8,9))))))))) | O11: =IF($A11="","",IF($N11=9,"Hoàn tất",INDEX('Quy trình'!$B$5:$B$12,$N11))) | P11: =IF($A11="","",COUNTIFS(Task!$A$5:$A$404,$A11)-COUNTIFS(Task!$A$5:$A$404,$A11,Task!$K$5:$K$404,"Không áp dụng")) | Q11: =IF($A11="","",COUNTIFS(Task!$A$5:$A$404,$A11,Task!$K$5:$K$404,"Hoàn thành")) | R11: =IF($A11="","",Q11/MAX(P11,COUNTA('Mẫu task'!$A$5:$A$64))) | S11: =IF($A11="","",SUMIFS(Task!$O$5:$O$404,Task!$A$5:$A$404,$A11)) | T11: =IF($A11="","",COUNTIFS(Task!$A$5:$A$404,$A11,Task!$K$5:$K$404,"Bị chặn")) | U11: =IF($A11="","",IF(P11=0,"Chưa có task",IF(T11>0,"Bị chặn",IF(S11>0,"Có việc trễ",IF(N11=9,"Hoàn tất","Đúng tiến độ"))))) | V11: =IF($A11="","",IFERROR(INDEX('Chấm điểm'!$D$16:$M$16,MATCH($A11,'Chấm điểm'!$D$4:$M$4,0)),""))
F12: =IF($A12="","",IF((COUNTIFS(Task!$A$5:$A$404,$A12,Task!$C$5:$C$404,F$3)-COUNTIFS(Task!$A$5:$A$404,$A12,Task!$C$5:$C$404,F$3,Task!$K$5:$K$404,"Không áp dụng"))=0,"–",IF(COUNTIFS(Task!$A$5:$A$404,$A12,Task!$C$5:$C$404,F$3,Task!$K$5:$K$404,"Hoàn thành")=(COUNTIFS(Task!$A$5:$A$404,$A12,Task!$C$5:$C$404,F$3)-COUNTIFS(Task!$A$5:$A$404,$A12,Task!$C$5:$C$404,F$3,Task!$K$5:$K$404,"Không áp dụng")),"Xong",IF(COUNTIFS(Task!$A$5:$A$404,$A12,Task!$C$5:$C$404,F$3,Task!$K$5:$K$404,"Bị chặn")>0,"Bị chặn",IF(COUNTIFS(Task!$A$5:$A$404,$A12,Task!$C$5:$C$404,F$3,Task!$K$5:$K$404,"Hoàn thành")+COUNTIFS(Task!$A$5:$A$404,$A12,Task!$C$5:$C$404,F$3,Task!$K$5:$K$404,"Đang làm")>0,"Đang làm","Chưa"))))) | G12: =IF($A12="","",IF((COUNTIFS(Task!$A$5:$A$404,$A12,Task!$C$5:$C$404,G$3)-COUNTIFS(Task!$A$5:$A$404,$A12,Task!$C$5:$C$404,G$3,Task!$K$5:$K$404,"Không áp dụng"))=0,"–",IF(COUNTIFS(Task!$A$5:$A$404,$A12,Task!$C$5:$C$404,G$3,Task!$K$5:$K$404,"Hoàn thành")=(COUNTIFS(Task!$A$5:$A$404,$A12,Task!$C$5:$C$404,G$3)-COUNTIFS(Task!$A$5:$A$404,$A12,Task!$C$5:$C$404,G$3,Task!$K$5:$K$404,"Không áp dụng")),"Xong",IF(COUNTIFS(Task!$A$5:$A$404,$A12,Task!$C$5:$C$404,G$3,Task!$K$5:$K$404,"Bị chặn")>0,"Bị chặn",IF(COUNTIFS(Task!$A$5:$A$404,$A12,Task!$C$5:$C$404,G$3,Task!$K$5:$K$404,"Hoàn thành")+COUNTIFS(Task!$A$5:$A$404,$A12,Task!$C$5:$C$404,G$3,Task!$K$5:$K$404,"Đang làm")>0,"Đang làm","Chưa"))))) | H12: =IF($A12="","",IF((COUNTIFS(Task!$A$5:$A$404,$A12,Task!$C$5:$C$404,H$3)-COUNTIFS(Task!$A$5:$A$404,$A12,Task!$C$5:$C$404,H$3,Task!$K$5:$K$404,"Không áp dụng"))=0,"–",IF(COUNTIFS(Task!$A$5:$A$404,$A12,Task!$C$5:$C$404,H$3,Task!$K$5:$K$404,"Hoàn thành")=(COUNTIFS(Task!$A$5:$A$404,$A12,Task!$C$5:$C$404,H$3)-COUNTIFS(Task!$A$5:$A$404,$A12,Task!$C$5:$C$404,H$3,Task!$K$5:$K$404,"Không áp dụng")),"Xong",IF(COUNTIFS(Task!$A$5:$A$404,$A12,Task!$C$5:$C$404,H$3,Task!$K$5:$K$404,"Bị chặn")>0,"Bị chặn",IF(COUNTIFS(Task!$A$5:$A$404,$A12,Task!$C$5:$C$404,H$3,Task!$K$5:$K$404,"Hoàn thành")+COUNTIFS(Task!$A$5:$A$404,$A12,Task!$C$5:$C$404,H$3,Task!$K$5:$K$404,"Đang làm")>0,"Đang làm","Chưa"))))) | I12: =IF($A12="","",IF((COUNTIFS(Task!$A$5:$A$404,$A12,Task!$C$5:$C$404,I$3)-COUNTIFS(Task!$A$5:$A$404,$A12,Task!$C$5:$C$404,I$3,Task!$K$5:$K$404,"Không áp dụng"))=0,"–",IF(COUNTIFS(Task!$A$5:$A$404,$A12,Task!$C$5:$C$404,I$3,Task!$K$5:$K$404,"Hoàn thành")=(COUNTIFS(Task!$A$5:$A$404,$A12,Task!$C$5:$C$404,I$3)-COUNTIFS(Task!$A$5:$A$404,$A12,Task!$C$5:$C$404,I$3,Task!$K$5:$K$404,"Không áp dụng")),"Xong",IF(COUNTIFS(Task!$A$5:$A$404,$A12,Task!$C$5:$C$404,I$3,Task!$K$5:$K$404,"Bị chặn")>0,"Bị chặn",IF(COUNTIFS(Task!$A$5:$A$404,$A12,Task!$C$5:$C$404,I$3,Task!$K$5:$K$404,"Hoàn thành")+COUNTIFS(Task!$A$5:$A$404,$A12,Task!$C$5:$C$404,I$3,Task!$K$5:$K$404,"Đang làm")>0,"Đang làm","Chưa"))))) | J12: =IF($A12="","",IF((COUNTIFS(Task!$A$5:$A$404,$A12,Task!$C$5:$C$404,J$3)-COUNTIFS(Task!$A$5:$A$404,$A12,Task!$C$5:$C$404,J$3,Task!$K$5:$K$404,"Không áp dụng"))=0,"–",IF(COUNTIFS(Task!$A$5:$A$404,$A12,Task!$C$5:$C$404,J$3,Task!$K$5:$K$404,"Hoàn thành")=(COUNTIFS(Task!$A$5:$A$404,$A12,Task!$C$5:$C$404,J$3)-COUNTIFS(Task!$A$5:$A$404,$A12,Task!$C$5:$C$404,J$3,Task!$K$5:$K$404,"Không áp dụng")),"Xong",IF(COUNTIFS(Task!$A$5:$A$404,$A12,Task!$C$5:$C$404,J$3,Task!$K$5:$K$404,"Bị chặn")>0,"Bị chặn",IF(COUNTIFS(Task!$A$5:$A$404,$A12,Task!$C$5:$C$404,J$3,Task!$K$5:$K$404,"Hoàn thành")+COUNTIFS(Task!$A$5:$A$404,$A12,Task!$C$5:$C$404,J$3,Task!$K$5:$K$404,"Đang làm")>0,"Đang làm","Chưa"))))) | K12: =IF($A12="","",IF((COUNTIFS(Task!$A$5:$A$404,$A12,Task!$C$5:$C$404,K$3)-COUNTIFS(Task!$A$5:$A$404,$A12,Task!$C$5:$C$404,K$3,Task!$K$5:$K$404,"Không áp dụng"))=0,"–",IF(COUNTIFS(Task!$A$5:$A$404,$A12,Task!$C$5:$C$404,K$3,Task!$K$5:$K$404,"Hoàn thành")=(COUNTIFS(Task!$A$5:$A$404,$A12,Task!$C$5:$C$404,K$3)-COUNTIFS(Task!$A$5:$A$404,$A12,Task!$C$5:$C$404,K$3,Task!$K$5:$K$404,"Không áp dụng")),"Xong",IF(COUNTIFS(Task!$A$5:$A$404,$A12,Task!$C$5:$C$404,K$3,Task!$K$5:$K$404,"Bị chặn")>0,"Bị chặn",IF(COUNTIFS(Task!$A$5:$A$404,$A12,Task!$C$5:$C$404,K$3,Task!$K$5:$K$404,"Hoàn thành")+COUNTIFS(Task!$A$5:$A$404,$A12,Task!$C$5:$C$404,K$3,Task!$K$5:$K$404,"Đang làm")>0,"Đang làm","Chưa"))))) | L12: =IF($A12="","",IF((COUNTIFS(Task!$A$5:$A$404,$A12,Task!$C$5:$C$404,L$3)-COUNTIFS(Task!$A$5:$A$404,$A12,Task!$C$5:$C$404,L$3,Task!$K$5:$K$404,"Không áp dụng"))=0,"–",IF(COUNTIFS(Task!$A$5:$A$404,$A12,Task!$C$5:$C$404,L$3,Task!$K$5:$K$404,"Hoàn thành")=(COUNTIFS(Task!$A$5:$A$404,$A12,Task!$C$5:$C$404,L$3)-COUNTIFS(Task!$A$5:$A$404,$A12,Task!$C$5:$C$404,L$3,Task!$K$5:$K$404,"Không áp dụng")),"Xong",IF(COUNTIFS(Task!$A$5:$A$404,$A12,Task!$C$5:$C$404,L$3,Task!$K$5:$K$404,"Bị chặn")>0,"Bị chặn",IF(COUNTIFS(Task!$A$5:$A$404,$A12,Task!$C$5:$C$404,L$3,Task!$K$5:$K$404,"Hoàn thành")+COUNTIFS(Task!$A$5:$A$404,$A12,Task!$C$5:$C$404,L$3,Task!$K$5:$K$404,"Đang làm")>0,"Đang làm","Chưa"))))) | M12: =IF($A12="","",IF((COUNTIFS(Task!$A$5:$A$404,$A12,Task!$C$5:$C$404,M$3)-COUNTIFS(Task!$A$5:$A$404,$A12,Task!$C$5:$C$404,M$3,Task!$K$5:$K$404,"Không áp dụng"))=0,"–",IF(COUNTIFS(Task!$A$5:$A$404,$A12,Task!$C$5:$C$404,M$3,Task!$K$5:$K$404,"Hoàn thành")=(COUNTIFS(Task!$A$5:$A$404,$A12,Task!$C$5:$C$404,M$3)-COUNTIFS(Task!$A$5:$A$404,$A12,Task!$C$5:$C$404,M$3,Task!$K$5:$K$404,"Không áp dụng")),"Xong",IF(COUNTIFS(Task!$A$5:$A$404,$A12,Task!$C$5:$C$404,M$3,Task!$K$5:$K$404,"Bị chặn")>0,"Bị chặn",IF(COUNTIFS(Task!$A$5:$A$404,$A12,Task!$C$5:$C$404,M$3,Task!$K$5:$K$404,"Hoàn thành")+COUNTIFS(Task!$A$5:$A$404,$A12,Task!$C$5:$C$404,M$3,Task!$K$5:$K$404,"Đang làm")>0,"Đang làm","Chưa"))))) | N12: =IF($A12="","",IF(F12<>"Xong",1,IF(G12<>"Xong",2,IF(H12<>"Xong",3,IF(I12<>"Xong",4,IF(J12<>"Xong",5,IF(K12<>"Xong",6,IF(L12<>"Xong",7,IF(M12<>"Xong",8,9))))))))) | O12: =IF($A12="","",IF($N12=9,"Hoàn tất",INDEX('Quy trình'!$B$5:$B$12,$N12))) | P12: =IF($A12="","",COUNTIFS(Task!$A$5:$A$404,$A12)-COUNTIFS(Task!$A$5:$A$404,$A12,Task!$K$5:$K$404,"Không áp dụng")) | Q12: =IF($A12="","",COUNTIFS(Task!$A$5:$A$404,$A12,Task!$K$5:$K$404,"Hoàn thành")) | R12: =IF($A12="","",Q12/MAX(P12,COUNTA('Mẫu task'!$A$5:$A$64))) | S12: =IF($A12="","",SUMIFS(Task!$O$5:$O$404,Task!$A$5:$A$404,$A12)) | T12: =IF($A12="","",COUNTIFS(Task!$A$5:$A$404,$A12,Task!$K$5:$K$404,"Bị chặn")) | U12: =IF($A12="","",IF(P12=0,"Chưa có task",IF(T12>0,"Bị chặn",IF(S12>0,"Có việc trễ",IF(N12=9,"Hoàn tất","Đúng tiến độ"))))) | V12: =IF($A12="","",IFERROR(INDEX('Chấm điểm'!$D$16:$M$16,MATCH($A12,'Chấm điểm'!$D$4:$M$4,0)),""))
F13: =IF($A13="","",IF((COUNTIFS(Task!$A$5:$A$404,$A13,Task!$C$5:$C$404,F$3)-COUNTIFS(Task!$A$5:$A$404,$A13,Task!$C$5:$C$404,F$3,Task!$K$5:$K$404,"Không áp dụng"))=0,"–",IF(COUNTIFS(Task!$A$5:$A$404,$A13,Task!$C$5:$C$404,F$3,Task!$K$5:$K$404,"Hoàn thành")=(COUNTIFS(Task!$A$5:$A$404,$A13,Task!$C$5:$C$404,F$3)-COUNTIFS(Task!$A$5:$A$404,$A13,Task!$C$5:$C$404,F$3,Task!$K$5:$K$404,"Không áp dụng")),"Xong",IF(COUNTIFS(Task!$A$5:$A$404,$A13,Task!$C$5:$C$404,F$3,Task!$K$5:$K$404,"Bị chặn")>0,"Bị chặn",IF(COUNTIFS(Task!$A$5:$A$404,$A13,Task!$C$5:$C$404,F$3,Task!$K$5:$K$404,"Hoàn thành")+COUNTIFS(Task!$A$5:$A$404,$A13,Task!$C$5:$C$404,F$3,Task!$K$5:$K$404,"Đang làm")>0,"Đang làm","Chưa"))))) | G13: =IF($A13="","",IF((COUNTIFS(Task!$A$5:$A$404,$A13,Task!$C$5:$C$404,G$3)-COUNTIFS(Task!$A$5:$A$404,$A13,Task!$C$5:$C$404,G$3,Task!$K$5:$K$404,"Không áp dụng"))=0,"–",IF(COUNTIFS(Task!$A$5:$A$404,$A13,Task!$C$5:$C$404,G$3,Task!$K$5:$K$404,"Hoàn thành")=(COUNTIFS(Task!$A$5:$A$404,$A13,Task!$C$5:$C$404,G$3)-COUNTIFS(Task!$A$5:$A$404,$A13,Task!$C$5:$C$404,G$3,Task!$K$5:$K$404,"Không áp dụng")),"Xong",IF(COUNTIFS(Task!$A$5:$A$404,$A13,Task!$C$5:$C$404,G$3,Task!$K$5:$K$404,"Bị chặn")>0,"Bị chặn",IF(COUNTIFS(Task!$A$5:$A$404,$A13,Task!$C$5:$C$404,G$3,Task!$K$5:$K$404,"Hoàn thành")+COUNTIFS(Task!$A$5:$A$404,$A13,Task!$C$5:$C$404,G$3,Task!$K$5:$K$404,"Đang làm")>0,"Đang làm","Chưa"))))) | H13: =IF($A13="","",IF((COUNTIFS(Task!$A$5:$A$404,$A13,Task!$C$5:$C$404,H$3)-COUNTIFS(Task!$A$5:$A$404,$A13,Task!$C$5:$C$404,H$3,Task!$K$5:$K$404,"Không áp dụng"))=0,"–",IF(COUNTIFS(Task!$A$5:$A$404,$A13,Task!$C$5:$C$404,H$3,Task!$K$5:$K$404,"Hoàn thành")=(COUNTIFS(Task!$A$5:$A$404,$A13,Task!$C$5:$C$404,H$3)-COUNTIFS(Task!$A$5:$A$404,$A13,Task!$C$5:$C$404,H$3,Task!$K$5:$K$404,"Không áp dụng")),"Xong",IF(COUNTIFS(Task!$A$5:$A$404,$A13,Task!$C$5:$C$404,H$3,Task!$K$5:$K$404,"Bị chặn")>0,"Bị chặn",IF(COUNTIFS(Task!$A$5:$A$404,$A13,Task!$C$5:$C$404,H$3,Task!$K$5:$K$404,"Hoàn thành")+COUNTIFS(Task!$A$5:$A$404,$A13,Task!$C$5:$C$404,H$3,Task!$K$5:$K$404,"Đang làm")>0,"Đang làm","Chưa"))))) | I13: =IF($A13="","",IF((COUNTIFS(Task!$A$5:$A$404,$A13,Task!$C$5:$C$404,I$3)-COUNTIFS(Task!$A$5:$A$404,$A13,Task!$C$5:$C$404,I$3,Task!$K$5:$K$404,"Không áp dụng"))=0,"–",IF(COUNTIFS(Task!$A$5:$A$404,$A13,Task!$C$5:$C$404,I$3,Task!$K$5:$K$404,"Hoàn thành")=(COUNTIFS(Task!$A$5:$A$404,$A13,Task!$C$5:$C$404,I$3)-COUNTIFS(Task!$A$5:$A$404,$A13,Task!$C$5:$C$404,I$3,Task!$K$5:$K$404,"Không áp dụng")),"Xong",IF(COUNTIFS(Task!$A$5:$A$404,$A13,Task!$C$5:$C$404,I$3,Task!$K$5:$K$404,"Bị chặn")>0,"Bị chặn",IF(COUNTIFS(Task!$A$5:$A$404,$A13,Task!$C$5:$C$404,I$3,Task!$K$5:$K$404,"Hoàn thành")+COUNTIFS(Task!$A$5:$A$404,$A13,Task!$C$5:$C$404,I$3,Task!$K$5:$K$404,"Đang làm")>0,"Đang làm","Chưa"))))) | J13: =IF($A13="","",IF((COUNTIFS(Task!$A$5:$A$404,$A13,Task!$C$5:$C$404,J$3)-COUNTIFS(Task!$A$5:$A$404,$A13,Task!$C$5:$C$404,J$3,Task!$K$5:$K$404,"Không áp dụng"))=0,"–",IF(COUNTIFS(Task!$A$5:$A$404,$A13,Task!$C$5:$C$404,J$3,Task!$K$5:$K$404,"Hoàn thành")=(COUNTIFS(Task!$A$5:$A$404,$A13,Task!$C$5:$C$404,J$3)-COUNTIFS(Task!$A$5:$A$404,$A13,Task!$C$5:$C$404,J$3,Task!$K$5:$K$404,"Không áp dụng")),"Xong",IF(COUNTIFS(Task!$A$5:$A$404,$A13,Task!$C$5:$C$404,J$3,Task!$K$5:$K$404,"Bị chặn")>0,"Bị chặn",IF(COUNTIFS(Task!$A$5:$A$404,$A13,Task!$C$5:$C$404,J$3,Task!$K$5:$K$404,"Hoàn thành")+COUNTIFS(Task!$A$5:$A$404,$A13,Task!$C$5:$C$404,J$3,Task!$K$5:$K$404,"Đang làm")>0,"Đang làm","Chưa"))))) | K13: =IF($A13="","",IF((COUNTIFS(Task!$A$5:$A$404,$A13,Task!$C$5:$C$404,K$3)-COUNTIFS(Task!$A$5:$A$404,$A13,Task!$C$5:$C$404,K$3,Task!$K$5:$K$404,"Không áp dụng"))=0,"–",IF(COUNTIFS(Task!$A$5:$A$404,$A13,Task!$C$5:$C$404,K$3,Task!$K$5:$K$404,"Hoàn thành")=(COUNTIFS(Task!$A$5:$A$404,$A13,Task!$C$5:$C$404,K$3)-COUNTIFS(Task!$A$5:$A$404,$A13,Task!$C$5:$C$404,K$3,Task!$K$5:$K$404,"Không áp dụng")),"Xong",IF(COUNTIFS(Task!$A$5:$A$404,$A13,Task!$C$5:$C$404,K$3,Task!$K$5:$K$404,"Bị chặn")>0,"Bị chặn",IF(COUNTIFS(Task!$A$5:$A$404,$A13,Task!$C$5:$C$404,K$3,Task!$K$5:$K$404,"Hoàn thành")+COUNTIFS(Task!$A$5:$A$404,$A13,Task!$C$5:$C$404,K$3,Task!$K$5:$K$404,"Đang làm")>0,"Đang làm","Chưa"))))) | L13: =IF($A13="","",IF((COUNTIFS(Task!$A$5:$A$404,$A13,Task!$C$5:$C$404,L$3)-COUNTIFS(Task!$A$5:$A$404,$A13,Task!$C$5:$C$404,L$3,Task!$K$5:$K$404,"Không áp dụng"))=0,"–",IF(COUNTIFS(Task!$A$5:$A$404,$A13,Task!$C$5:$C$404,L$3,Task!$K$5:$K$404,"Hoàn thành")=(COUNTIFS(Task!$A$5:$A$404,$A13,Task!$C$5:$C$404,L$3)-COUNTIFS(Task!$A$5:$A$404,$A13,Task!$C$5:$C$404,L$3,Task!$K$5:$K$404,"Không áp dụng")),"Xong",IF(COUNTIFS(Task!$A$5:$A$404,$A13,Task!$C$5:$C$404,L$3,Task!$K$5:$K$404,"Bị chặn")>0,"Bị chặn",IF(COUNTIFS(Task!$A$5:$A$404,$A13,Task!$C$5:$C$404,L$3,Task!$K$5:$K$404,"Hoàn thành")+COUNTIFS(Task!$A$5:$A$404,$A13,Task!$C$5:$C$404,L$3,Task!$K$5:$K$404,"Đang làm")>0,"Đang làm","Chưa"))))) | M13: =IF($A13="","",IF((COUNTIFS(Task!$A$5:$A$404,$A13,Task!$C$5:$C$404,M$3)-COUNTIFS(Task!$A$5:$A$404,$A13,Task!$C$5:$C$404,M$3,Task!$K$5:$K$404,"Không áp dụng"))=0,"–",IF(COUNTIFS(Task!$A$5:$A$404,$A13,Task!$C$5:$C$404,M$3,Task!$K$5:$K$404,"Hoàn thành")=(COUNTIFS(Task!$A$5:$A$404,$A13,Task!$C$5:$C$404,M$3)-COUNTIFS(Task!$A$5:$A$404,$A13,Task!$C$5:$C$404,M$3,Task!$K$5:$K$404,"Không áp dụng")),"Xong",IF(COUNTIFS(Task!$A$5:$A$404,$A13,Task!$C$5:$C$404,M$3,Task!$K$5:$K$404,"Bị chặn")>0,"Bị chặn",IF(COUNTIFS(Task!$A$5:$A$404,$A13,Task!$C$5:$C$404,M$3,Task!$K$5:$K$404,"Hoàn thành")+COUNTIFS(Task!$A$5:$A$404,$A13,Task!$C$5:$C$404,M$3,Task!$K$5:$K$404,"Đang làm")>0,"Đang làm","Chưa"))))) | N13: =IF($A13="","",IF(F13<>"Xong",1,IF(G13<>"Xong",2,IF(H13<>"Xong",3,IF(I13<>"Xong",4,IF(J13<>"Xong",5,IF(K13<>"Xong",6,IF(L13<>"Xong",7,IF(M13<>"Xong",8,9))))))))) | O13: =IF($A13="","",IF($N13=9,"Hoàn tất",INDEX('Quy trình'!$B$5:$B$12,$N13))) | P13: =IF($A13="","",COUNTIFS(Task!$A$5:$A$404,$A13)-COUNTIFS(Task!$A$5:$A$404,$A13,Task!$K$5:$K$404,"Không áp dụng")) | Q13: =IF($A13="","",COUNTIFS(Task!$A$5:$A$404,$A13,Task!$K$5:$K$404,"Hoàn thành")) | R13: =IF($A13="","",Q13/MAX(P13,COUNTA('Mẫu task'!$A$5:$A$64))) | S13: =IF($A13="","",SUMIFS(Task!$O$5:$O$404,Task!$A$5:$A$404,$A13)) | T13: =IF($A13="","",COUNTIFS(Task!$A$5:$A$404,$A13,Task!$K$5:$K$404,"Bị chặn")) | U13: =IF($A13="","",IF(P13=0,"Chưa có task",IF(T13>0,"Bị chặn",IF(S13>0,"Có việc trễ",IF(N13=9,"Hoàn tất","Đúng tiến độ"))))) | V13: =IF($A13="","",IFERROR(INDEX('Chấm điểm'!$D$16:$M$16,MATCH($A13,'Chấm điểm'!$D$4:$M$4,0)),""))
F14: =IF($A14="","",IF((COUNTIFS(Task!$A$5:$A$404,$A14,Task!$C$5:$C$404,F$3)-COUNTIFS(Task!$A$5:$A$404,$A14,Task!$C$5:$C$404,F$3,Task!$K$5:$K$404,"Không áp dụng"))=0,"–",IF(COUNTIFS(Task!$A$5:$A$404,$A14,Task!$C$5:$C$404,F$3,Task!$K$5:$K$404,"Hoàn thành")=(COUNTIFS(Task!$A$5:$A$404,$A14,Task!$C$5:$C$404,F$3)-COUNTIFS(Task!$A$5:$A$404,$A14,Task!$C$5:$C$404,F$3,Task!$K$5:$K$404,"Không áp dụng")),"Xong",IF(COUNTIFS(Task!$A$5:$A$404,$A14,Task!$C$5:$C$404,F$3,Task!$K$5:$K$404,"Bị chặn")>0,"Bị chặn",IF(COUNTIFS(Task!$A$5:$A$404,$A14,Task!$C$5:$C$404,F$3,Task!$K$5:$K$404,"Hoàn thành")+COUNTIFS(Task!$A$5:$A$404,$A14,Task!$C$5:$C$404,F$3,Task!$K$5:$K$404,"Đang làm")>0,"Đang làm","Chưa"))))) | G14: =IF($A14="","",IF((COUNTIFS(Task!$A$5:$A$404,$A14,Task!$C$5:$C$404,G$3)-COUNTIFS(Task!$A$5:$A$404,$A14,Task!$C$5:$C$404,G$3,Task!$K$5:$K$404,"Không áp dụng"))=0,"–",IF(COUNTIFS(Task!$A$5:$A$404,$A14,Task!$C$5:$C$404,G$3,Task!$K$5:$K$404,"Hoàn thành")=(COUNTIFS(Task!$A$5:$A$404,$A14,Task!$C$5:$C$404,G$3)-COUNTIFS(Task!$A$5:$A$404,$A14,Task!$C$5:$C$404,G$3,Task!$K$5:$K$404,"Không áp dụng")),"Xong",IF(COUNTIFS(Task!$A$5:$A$404,$A14,Task!$C$5:$C$404,G$3,Task!$K$5:$K$404,"Bị chặn")>0,"Bị chặn",IF(COUNTIFS(Task!$A$5:$A$404,$A14,Task!$C$5:$C$404,G$3,Task!$K$5:$K$404,"Hoàn thành")+COUNTIFS(Task!$A$5:$A$404,$A14,Task!$C$5:$C$404,G$3,Task!$K$5:$K$404,"Đang làm")>0,"Đang làm","Chưa"))))) | H14: =IF($A14="","",IF((COUNTIFS(Task!$A$5:$A$404,$A14,Task!$C$5:$C$404,H$3)-COUNTIFS(Task!$A$5:$A$404,$A14,Task!$C$5:$C$404,H$3,Task!$K$5:$K$404,"Không áp dụng"))=0,"–",IF(COUNTIFS(Task!$A$5:$A$404,$A14,Task!$C$5:$C$404,H$3,Task!$K$5:$K$404,"Hoàn thành")=(COUNTIFS(Task!$A$5:$A$404,$A14,Task!$C$5:$C$404,H$3)-COUNTIFS(Task!$A$5:$A$404,$A14,Task!$C$5:$C$404,H$3,Task!$K$5:$K$404,"Không áp dụng")),"Xong",IF(COUNTIFS(Task!$A$5:$A$404,$A14,Task!$C$5:$C$404,H$3,Task!$K$5:$K$404,"Bị chặn")>0,"Bị chặn",IF(COUNTIFS(Task!$A$5:$A$404,$A14,Task!$C$5:$C$404,H$3,Task!$K$5:$K$404,"Hoàn thành")+COUNTIFS(Task!$A$5:$A$404,$A14,Task!$C$5:$C$404,H$3,Task!$K$5:$K$404,"Đang làm")>0,"Đang làm","Chưa"))))) | I14: =IF($A14="","",IF((COUNTIFS(Task!$A$5:$A$404,$A14,Task!$C$5:$C$404,I$3)-COUNTIFS(Task!$A$5:$A$404,$A14,Task!$C$5:$C$404,I$3,Task!$K$5:$K$404,"Không áp dụng"))=0,"–",IF(COUNTIFS(Task!$A$5:$A$404,$A14,Task!$C$5:$C$404,I$3,Task!$K$5:$K$404,"Hoàn thành")=(COUNTIFS(Task!$A$5:$A$404,$A14,Task!$C$5:$C$404,I$3)-COUNTIFS(Task!$A$5:$A$404,$A14,Task!$C$5:$C$404,I$3,Task!$K$5:$K$404,"Không áp dụng")),"Xong",IF(COUNTIFS(Task!$A$5:$A$404,$A14,Task!$C$5:$C$404,I$3,Task!$K$5:$K$404,"Bị chặn")>0,"Bị chặn",IF(COUNTIFS(Task!$A$5:$A$404,$A14,Task!$C$5:$C$404,I$3,Task!$K$5:$K$404,"Hoàn thành")+COUNTIFS(Task!$A$5:$A$404,$A14,Task!$C$5:$C$404,I$3,Task!$K$5:$K$404,"Đang làm")>0,"Đang làm","Chưa"))))) | J14: =IF($A14="","",IF((COUNTIFS(Task!$A$5:$A$404,$A14,Task!$C$5:$C$404,J$3)-COUNTIFS(Task!$A$5:$A$404,$A14,Task!$C$5:$C$404,J$3,Task!$K$5:$K$404,"Không áp dụng"))=0,"–",IF(COUNTIFS(Task!$A$5:$A$404,$A14,Task!$C$5:$C$404,J$3,Task!$K$5:$K$404,"Hoàn thành")=(COUNTIFS(Task!$A$5:$A$404,$A14,Task!$C$5:$C$404,J$3)-COUNTIFS(Task!$A$5:$A$404,$A14,Task!$C$5:$C$404,J$3,Task!$K$5:$K$404,"Không áp dụng")),"Xong",IF(COUNTIFS(Task!$A$5:$A$404,$A14,Task!$C$5:$C$404,J$3,Task!$K$5:$K$404,"Bị chặn")>0,"Bị chặn",IF(COUNTIFS(Task!$A$5:$A$404,$A14,Task!$C$5:$C$404,J$3,Task!$K$5:$K$404,"Hoàn thành")+COUNTIFS(Task!$A$5:$A$404,$A14,Task!$C$5:$C$404,J$3,Task!$K$5:$K$404,"Đang làm")>0,"Đang làm","Chưa"))))) | K14: =IF($A14="","",IF((COUNTIFS(Task!$A$5:$A$404,$A14,Task!$C$5:$C$404,K$3)-COUNTIFS(Task!$A$5:$A$404,$A14,Task!$C$5:$C$404,K$3,Task!$K$5:$K$404,"Không áp dụng"))=0,"–",IF(COUNTIFS(Task!$A$5:$A$404,$A14,Task!$C$5:$C$404,K$3,Task!$K$5:$K$404,"Hoàn thành")=(COUNTIFS(Task!$A$5:$A$404,$A14,Task!$C$5:$C$404,K$3)-COUNTIFS(Task!$A$5:$A$404,$A14,Task!$C$5:$C$404,K$3,Task!$K$5:$K$404,"Không áp dụng")),"Xong",IF(COUNTIFS(Task!$A$5:$A$404,$A14,Task!$C$5:$C$404,K$3,Task!$K$5:$K$404,"Bị chặn")>0,"Bị chặn",IF(COUNTIFS(Task!$A$5:$A$404,$A14,Task!$C$5:$C$404,K$3,Task!$K$5:$K$404,"Hoàn thành")+COUNTIFS(Task!$A$5:$A$404,$A14,Task!$C$5:$C$404,K$3,Task!$K$5:$K$404,"Đang làm")>0,"Đang làm","Chưa"))))) | L14: =IF($A14="","",IF((COUNTIFS(Task!$A$5:$A$404,$A14,Task!$C$5:$C$404,L$3)-COUNTIFS(Task!$A$5:$A$404,$A14,Task!$C$5:$C$404,L$3,Task!$K$5:$K$404,"Không áp dụng"))=0,"–",IF(COUNTIFS(Task!$A$5:$A$404,$A14,Task!$C$5:$C$404,L$3,Task!$K$5:$K$404,"Hoàn thành")=(COUNTIFS(Task!$A$5:$A$404,$A14,Task!$C$5:$C$404,L$3)-COUNTIFS(Task!$A$5:$A$404,$A14,Task!$C$5:$C$404,L$3,Task!$K$5:$K$404,"Không áp dụng")),"Xong",IF(COUNTIFS(Task!$A$5:$A$404,$A14,Task!$C$5:$C$404,L$3,Task!$K$5:$K$404,"Bị chặn")>0,"Bị chặn",IF(COUNTIFS(Task!$A$5:$A$404,$A14,Task!$C$5:$C$404,L$3,Task!$K$5:$K$404,"Hoàn thành")+COUNTIFS(Task!$A$5:$A$404,$A14,Task!$C$5:$C$404,L$3,Task!$K$5:$K$404,"Đang làm")>0,"Đang làm","Chưa"))))) | M14: =IF($A14="","",IF((COUNTIFS(Task!$A$5:$A$404,$A14,Task!$C$5:$C$404,M$3)-COUNTIFS(Task!$A$5:$A$404,$A14,Task!$C$5:$C$404,M$3,Task!$K$5:$K$404,"Không áp dụng"))=0,"–",IF(COUNTIFS(Task!$A$5:$A$404,$A14,Task!$C$5:$C$404,M$3,Task!$K$5:$K$404,"Hoàn thành")=(COUNTIFS(Task!$A$5:$A$404,$A14,Task!$C$5:$C$404,M$3)-COUNTIFS(Task!$A$5:$A$404,$A14,Task!$C$5:$C$404,M$3,Task!$K$5:$K$404,"Không áp dụng")),"Xong",IF(COUNTIFS(Task!$A$5:$A$404,$A14,Task!$C$5:$C$404,M$3,Task!$K$5:$K$404,"Bị chặn")>0,"Bị chặn",IF(COUNTIFS(Task!$A$5:$A$404,$A14,Task!$C$5:$C$404,M$3,Task!$K$5:$K$404,"Hoàn thành")+COUNTIFS(Task!$A$5:$A$404,$A14,Task!$C$5:$C$404,M$3,Task!$K$5:$K$404,"Đang làm")>0,"Đang làm","Chưa"))))) | N14: =IF($A14="","",IF(F14<>"Xong",1,IF(G14<>"Xong",2,IF(H14<>"Xong",3,IF(I14<>"Xong",4,IF(J14<>"Xong",5,IF(K14<>"Xong",6,IF(L14<>"Xong",7,IF(M14<>"Xong",8,9))))))))) | O14: =IF($A14="","",IF($N14=9,"Hoàn tất",INDEX('Quy trình'!$B$5:$B$12,$N14))) | P14: =IF($A14="","",COUNTIFS(Task!$A$5:$A$404,$A14)-COUNTIFS(Task!$A$5:$A$404,$A14,Task!$K$5:$K$404,"Không áp dụng")) | Q14: =IF($A14="","",COUNTIFS(Task!$A$5:$A$404,$A14,Task!$K$5:$K$404,"Hoàn thành")) | R14: =IF($A14="","",Q14/MAX(P14,COUNTA('Mẫu task'!$A$5:$A$64))) | S14: =IF($A14="","",SUMIFS(Task!$O$5:$O$404,Task!$A$5:$A$404,$A14)) | T14: =IF($A14="","",COUNTIFS(Task!$A$5:$A$404,$A14,Task!$K$5:$K$404,"Bị chặn")) | U14: =IF($A14="","",IF(P14=0,"Chưa có task",IF(T14>0,"Bị chặn",IF(S14>0,"Có việc trễ",IF(N14=9,"Hoàn tất","Đúng tiến độ"))))) | V14: =IF($A14="","",IFERROR(INDEX('Chấm điểm'!$D$16:$M$16,MATCH($A14,'Chấm điểm'!$D$4:$M$4,0)),""))
F15: =IF($A15="","",IF((COUNTIFS(Task!$A$5:$A$404,$A15,Task!$C$5:$C$404,F$3)-COUNTIFS(Task!$A$5:$A$404,$A15,Task!$C$5:$C$404,F$3,Task!$K$5:$K$404,"Không áp dụng"))=0,"–",IF(COUNTIFS(Task!$A$5:$A$404,$A15,Task!$C$5:$C$404,F$3,Task!$K$5:$K$404,"Hoàn thành")=(COUNTIFS(Task!$A$5:$A$404,$A15,Task!$C$5:$C$404,F$3)-COUNTIFS(Task!$A$5:$A$404,$A15,Task!$C$5:$C$404,F$3,Task!$K$5:$K$404,"Không áp dụng")),"Xong",IF(COUNTIFS(Task!$A$5:$A$404,$A15,Task!$C$5:$C$404,F$3,Task!$K$5:$K$404,"Bị chặn")>0,"Bị chặn",IF(COUNTIFS(Task!$A$5:$A$404,$A15,Task!$C$5:$C$404,F$3,Task!$K$5:$K$404,"Hoàn thành")+COUNTIFS(Task!$A$5:$A$404,$A15,Task!$C$5:$C$404,F$3,Task!$K$5:$K$404,"Đang làm")>0,"Đang làm","Chưa"))))) | G15: =IF($A15="","",IF((COUNTIFS(Task!$A$5:$A$404,$A15,Task!$C$5:$C$404,G$3)-COUNTIFS(Task!$A$5:$A$404,$A15,Task!$C$5:$C$404,G$3,Task!$K$5:$K$404,"Không áp dụng"))=0,"–",IF(COUNTIFS(Task!$A$5:$A$404,$A15,Task!$C$5:$C$404,G$3,Task!$K$5:$K$404,"Hoàn thành")=(COUNTIFS(Task!$A$5:$A$404,$A15,Task!$C$5:$C$404,G$3)-COUNTIFS(Task!$A$5:$A$404,$A15,Task!$C$5:$C$404,G$3,Task!$K$5:$K$404,"Không áp dụng")),"Xong",IF(COUNTIFS(Task!$A$5:$A$404,$A15,Task!$C$5:$C$404,G$3,Task!$K$5:$K$404,"Bị chặn")>0,"Bị chặn",IF(COUNTIFS(Task!$A$5:$A$404,$A15,Task!$C$5:$C$404,G$3,Task!$K$5:$K$404,"Hoàn thành")+COUNTIFS(Task!$A$5:$A$404,$A15,Task!$C$5:$C$404,G$3,Task!$K$5:$K$404,"Đang làm")>0,"Đang làm","Chưa"))))) | H15: =IF($A15="","",IF((COUNTIFS(Task!$A$5:$A$404,$A15,Task!$C$5:$C$404,H$3)-COUNTIFS(Task!$A$5:$A$404,$A15,Task!$C$5:$C$404,H$3,Task!$K$5:$K$404,"Không áp dụng"))=0,"–",IF(COUNTIFS(Task!$A$5:$A$404,$A15,Task!$C$5:$C$404,H$3,Task!$K$5:$K$404,"Hoàn thành")=(COUNTIFS(Task!$A$5:$A$404,$A15,Task!$C$5:$C$404,H$3)-COUNTIFS(Task!$A$5:$A$404,$A15,Task!$C$5:$C$404,H$3,Task!$K$5:$K$404,"Không áp dụng")),"Xong",IF(COUNTIFS(Task!$A$5:$A$404,$A15,Task!$C$5:$C$404,H$3,Task!$K$5:$K$404,"Bị chặn")>0,"Bị chặn",IF(COUNTIFS(Task!$A$5:$A$404,$A15,Task!$C$5:$C$404,H$3,Task!$K$5:$K$404,"Hoàn thành")+COUNTIFS(Task!$A$5:$A$404,$A15,Task!$C$5:$C$404,H$3,Task!$K$5:$K$404,"Đang làm")>0,"Đang làm","Chưa"))))) | I15: =IF($A15="","",IF((COUNTIFS(Task!$A$5:$A$404,$A15,Task!$C$5:$C$404,I$3)-COUNTIFS(Task!$A$5:$A$404,$A15,Task!$C$5:$C$404,I$3,Task!$K$5:$K$404,"Không áp dụng"))=0,"–",IF(COUNTIFS(Task!$A$5:$A$404,$A15,Task!$C$5:$C$404,I$3,Task!$K$5:$K$404,"Hoàn thành")=(COUNTIFS(Task!$A$5:$A$404,$A15,Task!$C$5:$C$404,I$3)-COUNTIFS(Task!$A$5:$A$404,$A15,Task!$C$5:$C$404,I$3,Task!$K$5:$K$404,"Không áp dụng")),"Xong",IF(COUNTIFS(Task!$A$5:$A$404,$A15,Task!$C$5:$C$404,I$3,Task!$K$5:$K$404,"Bị chặn")>0,"Bị chặn",IF(COUNTIFS(Task!$A$5:$A$404,$A15,Task!$C$5:$C$404,I$3,Task!$K$5:$K$404,"Hoàn thành")+COUNTIFS(Task!$A$5:$A$404,$A15,Task!$C$5:$C$404,I$3,Task!$K$5:$K$404,"Đang làm")>0,"Đang làm","Chưa"))))) | J15: =IF($A15="","",IF((COUNTIFS(Task!$A$5:$A$404,$A15,Task!$C$5:$C$404,J$3)-COUNTIFS(Task!$A$5:$A$404,$A15,Task!$C$5:$C$404,J$3,Task!$K$5:$K$404,"Không áp dụng"))=0,"–",IF(COUNTIFS(Task!$A$5:$A$404,$A15,Task!$C$5:$C$404,J$3,Task!$K$5:$K$404,"Hoàn thành")=(COUNTIFS(Task!$A$5:$A$404,$A15,Task!$C$5:$C$404,J$3)-COUNTIFS(Task!$A$5:$A$404,$A15,Task!$C$5:$C$404,J$3,Task!$K$5:$K$404,"Không áp dụng")),"Xong",IF(COUNTIFS(Task!$A$5:$A$404,$A15,Task!$C$5:$C$404,J$3,Task!$K$5:$K$404,"Bị chặn")>0,"Bị chặn",IF(COUNTIFS(Task!$A$5:$A$404,$A15,Task!$C$5:$C$404,J$3,Task!$K$5:$K$404,"Hoàn thành")+COUNTIFS(Task!$A$5:$A$404,$A15,Task!$C$5:$C$404,J$3,Task!$K$5:$K$404,"Đang làm")>0,"Đang làm","Chưa"))))) | K15: =IF($A15="","",IF((COUNTIFS(Task!$A$5:$A$404,$A15,Task!$C$5:$C$404,K$3)-COUNTIFS(Task!$A$5:$A$404,$A15,Task!$C$5:$C$404,K$3,Task!$K$5:$K$404,"Không áp dụng"))=0,"–",IF(COUNTIFS(Task!$A$5:$A$404,$A15,Task!$C$5:$C$404,K$3,Task!$K$5:$K$404,"Hoàn thành")=(COUNTIFS(Task!$A$5:$A$404,$A15,Task!$C$5:$C$404,K$3)-COUNTIFS(Task!$A$5:$A$404,$A15,Task!$C$5:$C$404,K$3,Task!$K$5:$K$404,"Không áp dụng")),"Xong",IF(COUNTIFS(Task!$A$5:$A$404,$A15,Task!$C$5:$C$404,K$3,Task!$K$5:$K$404,"Bị chặn")>0,"Bị chặn",IF(COUNTIFS(Task!$A$5:$A$404,$A15,Task!$C$5:$C$404,K$3,Task!$K$5:$K$404,"Hoàn thành")+COUNTIFS(Task!$A$5:$A$404,$A15,Task!$C$5:$C$404,K$3,Task!$K$5:$K$404,"Đang làm")>0,"Đang làm","Chưa"))))) | L15: =IF($A15="","",IF((COUNTIFS(Task!$A$5:$A$404,$A15,Task!$C$5:$C$404,L$3)-COUNTIFS(Task!$A$5:$A$404,$A15,Task!$C$5:$C$404,L$3,Task!$K$5:$K$404,"Không áp dụng"))=0,"–",IF(COUNTIFS(Task!$A$5:$A$404,$A15,Task!$C$5:$C$404,L$3,Task!$K$5:$K$404,"Hoàn thành")=(COUNTIFS(Task!$A$5:$A$404,$A15,Task!$C$5:$C$404,L$3)-COUNTIFS(Task!$A$5:$A$404,$A15,Task!$C$5:$C$404,L$3,Task!$K$5:$K$404,"Không áp dụng")),"Xong",IF(COUNTIFS(Task!$A$5:$A$404,$A15,Task!$C$5:$C$404,L$3,Task!$K$5:$K$404,"Bị chặn")>0,"Bị chặn",IF(COUNTIFS(Task!$A$5:$A$404,$A15,Task!$C$5:$C$404,L$3,Task!$K$5:$K$404,"Hoàn thành")+COUNTIFS(Task!$A$5:$A$404,$A15,Task!$C$5:$C$404,L$3,Task!$K$5:$K$404,"Đang làm")>0,"Đang làm","Chưa"))))) | M15: =IF($A15="","",IF((COUNTIFS(Task!$A$5:$A$404,$A15,Task!$C$5:$C$404,M$3)-COUNTIFS(Task!$A$5:$A$404,$A15,Task!$C$5:$C$404,M$3,Task!$K$5:$K$404,"Không áp dụng"))=0,"–",IF(COUNTIFS(Task!$A$5:$A$404,$A15,Task!$C$5:$C$404,M$3,Task!$K$5:$K$404,"Hoàn thành")=(COUNTIFS(Task!$A$5:$A$404,$A15,Task!$C$5:$C$404,M$3)-COUNTIFS(Task!$A$5:$A$404,$A15,Task!$C$5:$C$404,M$3,Task!$K$5:$K$404,"Không áp dụng")),"Xong",IF(COUNTIFS(Task!$A$5:$A$404,$A15,Task!$C$5:$C$404,M$3,Task!$K$5:$K$404,"Bị chặn")>0,"Bị chặn",IF(COUNTIFS(Task!$A$5:$A$404,$A15,Task!$C$5:$C$404,M$3,Task!$K$5:$K$404,"Hoàn thành")+COUNTIFS(Task!$A$5:$A$404,$A15,Task!$C$5:$C$404,M$3,Task!$K$5:$K$404,"Đang làm")>0,"Đang làm","Chưa"))))) | N15: =IF($A15="","",IF(F15<>"Xong",1,IF(G15<>"Xong",2,IF(H15<>"Xong",3,IF(I15<>"Xong",4,IF(J15<>"Xong",5,IF(K15<>"Xong",6,IF(L15<>"Xong",7,IF(M15<>"Xong",8,9))))))))) | O15: =IF($A15="","",IF($N15=9,"Hoàn tất",INDEX('Quy trình'!$B$5:$B$12,$N15))) | P15: =IF($A15="","",COUNTIFS(Task!$A$5:$A$404,$A15)-COUNTIFS(Task!$A$5:$A$404,$A15,Task!$K$5:$K$404,"Không áp dụng")) | Q15: =IF($A15="","",COUNTIFS(Task!$A$5:$A$404,$A15,Task!$K$5:$K$404,"Hoàn thành")) | R15: =IF($A15="","",Q15/MAX(P15,COUNTA('Mẫu task'!$A$5:$A$64))) | S15: =IF($A15="","",SUMIFS(Task!$O$5:$O$404,Task!$A$5:$A$404,$A15)) | T15: =IF($A15="","",COUNTIFS(Task!$A$5:$A$404,$A15,Task!$K$5:$K$404,"Bị chặn")) | U15: =IF($A15="","",IF(P15=0,"Chưa có task",IF(T15>0,"Bị chặn",IF(S15>0,"Có việc trễ",IF(N15=9,"Hoàn tất","Đúng tiến độ"))))) | V15: =IF($A15="","",IFERROR(INDEX('Chấm điểm'!$D$16:$M$16,MATCH($A15,'Chấm điểm'!$D$4:$M$4,0)),""))
F16: =IF($A16="","",IF((COUNTIFS(Task!$A$5:$A$404,$A16,Task!$C$5:$C$404,F$3)-COUNTIFS(Task!$A$5:$A$404,$A16,Task!$C$5:$C$404,F$3,Task!$K$5:$K$404,"Không áp dụng"))=0,"–",IF(COUNTIFS(Task!$A$5:$A$404,$A16,Task!$C$5:$C$404,F$3,Task!$K$5:$K$404,"Hoàn thành")=(COUNTIFS(Task!$A$5:$A$404,$A16,Task!$C$5:$C$404,F$3)-COUNTIFS(Task!$A$5:$A$404,$A16,Task!$C$5:$C$404,F$3,Task!$K$5:$K$404,"Không áp dụng")),"Xong",IF(COUNTIFS(Task!$A$5:$A$404,$A16,Task!$C$5:$C$404,F$3,Task!$K$5:$K$404,"Bị chặn")>0,"Bị chặn",IF(COUNTIFS(Task!$A$5:$A$404,$A16,Task!$C$5:$C$404,F$3,Task!$K$5:$K$404,"Hoàn thành")+COUNTIFS(Task!$A$5:$A$404,$A16,Task!$C$5:$C$404,F$3,Task!$K$5:$K$404,"Đang làm")>0,"Đang làm","Chưa"))))) | G16: =IF($A16="","",IF((COUNTIFS(Task!$A$5:$A$404,$A16,Task!$C$5:$C$404,G$3)-COUNTIFS(Task!$A$5:$A$404,$A16,Task!$C$5:$C$404,G$3,Task!$K$5:$K$404,"Không áp dụng"))=0,"–",IF(COUNTIFS(Task!$A$5:$A$404,$A16,Task!$C$5:$C$404,G$3,Task!$K$5:$K$404,"Hoàn thành")=(COUNTIFS(Task!$A$5:$A$404,$A16,Task!$C$5:$C$404,G$3)-COUNTIFS(Task!$A$5:$A$404,$A16,Task!$C$5:$C$404,G$3,Task!$K$5:$K$404,"Không áp dụng")),"Xong",IF(COUNTIFS(Task!$A$5:$A$404,$A16,Task!$C$5:$C$404,G$3,Task!$K$5:$K$404,"Bị chặn")>0,"Bị chặn",IF(COUNTIFS(Task!$A$5:$A$404,$A16,Task!$C$5:$C$404,G$3,Task!$K$5:$K$404,"Hoàn thành")+COUNTIFS(Task!$A$5:$A$404,$A16,Task!$C$5:$C$404,G$3,Task!$K$5:$K$404,"Đang làm")>0,"Đang làm","Chưa"))))) | H16: =IF($A16="","",IF((COUNTIFS(Task!$A$5:$A$404,$A16,Task!$C$5:$C$404,H$3)-COUNTIFS(Task!$A$5:$A$404,$A16,Task!$C$5:$C$404,H$3,Task!$K$5:$K$404,"Không áp dụng"))=0,"–",IF(COUNTIFS(Task!$A$5:$A$404,$A16,Task!$C$5:$C$404,H$3,Task!$K$5:$K$404,"Hoàn thành")=(COUNTIFS(Task!$A$5:$A$404,$A16,Task!$C$5:$C$404,H$3)-COUNTIFS(Task!$A$5:$A$404,$A16,Task!$C$5:$C$404,H$3,Task!$K$5:$K$404,"Không áp dụng")),"Xong",IF(COUNTIFS(Task!$A$5:$A$404,$A16,Task!$C$5:$C$404,H$3,Task!$K$5:$K$404,"Bị chặn")>0,"Bị chặn",IF(COUNTIFS(Task!$A$5:$A$404,$A16,Task!$C$5:$C$404,H$3,Task!$K$5:$K$404,"Hoàn thành")+COUNTIFS(Task!$A$5:$A$404,$A16,Task!$C$5:$C$404,H$3,Task!$K$5:$K$404,"Đang làm")>0,"Đang làm","Chưa"))))) | I16: =IF($A16="","",IF((COUNTIFS(Task!$A$5:$A$404,$A16,Task!$C$5:$C$404,I$3)-COUNTIFS(Task!$A$5:$A$404,$A16,Task!$C$5:$C$404,I$3,Task!$K$5:$K$404,"Không áp dụng"))=0,"–",IF(COUNTIFS(Task!$A$5:$A$404,$A16,Task!$C$5:$C$404,I$3,Task!$K$5:$K$404,"Hoàn thành")=(COUNTIFS(Task!$A$5:$A$404,$A16,Task!$C$5:$C$404,I$3)-COUNTIFS(Task!$A$5:$A$404,$A16,Task!$C$5:$C$404,I$3,Task!$K$5:$K$404,"Không áp dụng")),"Xong",IF(COUNTIFS(Task!$A$5:$A$404,$A16,Task!$C$5:$C$404,I$3,Task!$K$5:$K$404,"Bị chặn")>0,"Bị chặn",IF(COUNTIFS(Task!$A$5:$A$404,$A16,Task!$C$5:$C$404,I$3,Task!$K$5:$K$404,"Hoàn thành")+COUNTIFS(Task!$A$5:$A$404,$A16,Task!$C$5:$C$404,I$3,Task!$K$5:$K$404,"Đang làm")>0,"Đang làm","Chưa"))))) | J16: =IF($A16="","",IF((COUNTIFS(Task!$A$5:$A$404,$A16,Task!$C$5:$C$404,J$3)-COUNTIFS(Task!$A$5:$A$404,$A16,Task!$C$5:$C$404,J$3,Task!$K$5:$K$404,"Không áp dụng"))=0,"–",IF(COUNTIFS(Task!$A$5:$A$404,$A16,Task!$C$5:$C$404,J$3,Task!$K$5:$K$404,"Hoàn thành")=(COUNTIFS(Task!$A$5:$A$404,$A16,Task!$C$5:$C$404,J$3)-COUNTIFS(Task!$A$5:$A$404,$A16,Task!$C$5:$C$404,J$3,Task!$K$5:$K$404,"Không áp dụng")),"Xong",IF(COUNTIFS(Task!$A$5:$A$404,$A16,Task!$C$5:$C$404,J$3,Task!$K$5:$K$404,"Bị chặn")>0,"Bị chặn",IF(COUNTIFS(Task!$A$5:$A$404,$A16,Task!$C$5:$C$404,J$3,Task!$K$5:$K$404,"Hoàn thành")+COUNTIFS(Task!$A$5:$A$404,$A16,Task!$C$5:$C$404,J$3,Task!$K$5:$K$404,"Đang làm")>0,"Đang làm","Chưa"))))) | K16: =IF($A16="","",IF((COUNTIFS(Task!$A$5:$A$404,$A16,Task!$C$5:$C$404,K$3)-COUNTIFS(Task!$A$5:$A$404,$A16,Task!$C$5:$C$404,K$3,Task!$K$5:$K$404,"Không áp dụng"))=0,"–",IF(COUNTIFS(Task!$A$5:$A$404,$A16,Task!$C$5:$C$404,K$3,Task!$K$5:$K$404,"Hoàn thành")=(COUNTIFS(Task!$A$5:$A$404,$A16,Task!$C$5:$C$404,K$3)-COUNTIFS(Task!$A$5:$A$404,$A16,Task!$C$5:$C$404,K$3,Task!$K$5:$K$404,"Không áp dụng")),"Xong",IF(COUNTIFS(Task!$A$5:$A$404,$A16,Task!$C$5:$C$404,K$3,Task!$K$5:$K$404,"Bị chặn")>0,"Bị chặn",IF(COUNTIFS(Task!$A$5:$A$404,$A16,Task!$C$5:$C$404,K$3,Task!$K$5:$K$404,"Hoàn thành")+COUNTIFS(Task!$A$5:$A$404,$A16,Task!$C$5:$C$404,K$3,Task!$K$5:$K$404,"Đang làm")>0,"Đang làm","Chưa"))))) | L16: =IF($A16="","",IF((COUNTIFS(Task!$A$5:$A$404,$A16,Task!$C$5:$C$404,L$3)-COUNTIFS(Task!$A$5:$A$404,$A16,Task!$C$5:$C$404,L$3,Task!$K$5:$K$404,"Không áp dụng"))=0,"–",IF(COUNTIFS(Task!$A$5:$A$404,$A16,Task!$C$5:$C$404,L$3,Task!$K$5:$K$404,"Hoàn thành")=(COUNTIFS(Task!$A$5:$A$404,$A16,Task!$C$5:$C$404,L$3)-COUNTIFS(Task!$A$5:$A$404,$A16,Task!$C$5:$C$404,L$3,Task!$K$5:$K$404,"Không áp dụng")),"Xong",IF(COUNTIFS(Task!$A$5:$A$404,$A16,Task!$C$5:$C$404,L$3,Task!$K$5:$K$404,"Bị chặn")>0,"Bị chặn",IF(COUNTIFS(Task!$A$5:$A$404,$A16,Task!$C$5:$C$404,L$3,Task!$K$5:$K$404,"Hoàn thành")+COUNTIFS(Task!$A$5:$A$404,$A16,Task!$C$5:$C$404,L$3,Task!$K$5:$K$404,"Đang làm")>0,"Đang làm","Chưa"))))) | M16: =IF($A16="","",IF((COUNTIFS(Task!$A$5:$A$404,$A16,Task!$C$5:$C$404,M$3)-COUNTIFS(Task!$A$5:$A$404,$A16,Task!$C$5:$C$404,M$3,Task!$K$5:$K$404,"Không áp dụng"))=0,"–",IF(COUNTIFS(Task!$A$5:$A$404,$A16,Task!$C$5:$C$404,M$3,Task!$K$5:$K$404,"Hoàn thành")=(COUNTIFS(Task!$A$5:$A$404,$A16,Task!$C$5:$C$404,M$3)-COUNTIFS(Task!$A$5:$A$404,$A16,Task!$C$5:$C$404,M$3,Task!$K$5:$K$404,"Không áp dụng")),"Xong",IF(COUNTIFS(Task!$A$5:$A$404,$A16,Task!$C$5:$C$404,M$3,Task!$K$5:$K$404,"Bị chặn")>0,"Bị chặn",IF(COUNTIFS(Task!$A$5:$A$404,$A16,Task!$C$5:$C$404,M$3,Task!$K$5:$K$404,"Hoàn thành")+COUNTIFS(Task!$A$5:$A$404,$A16,Task!$C$5:$C$404,M$3,Task!$K$5:$K$404,"Đang làm")>0,"Đang làm","Chưa"))))) | N16: =IF($A16="","",IF(F16<>"Xong",1,IF(G16<>"Xong",2,IF(H16<>"Xong",3,IF(I16<>"Xong",4,IF(J16<>"Xong",5,IF(K16<>"Xong",6,IF(L16<>"Xong",7,IF(M16<>"Xong",8,9))))))))) | O16: =IF($A16="","",IF($N16=9,"Hoàn tất",INDEX('Quy trình'!$B$5:$B$12,$N16))) | P16: =IF($A16="","",COUNTIFS(Task!$A$5:$A$404,$A16)-COUNTIFS(Task!$A$5:$A$404,$A16,Task!$K$5:$K$404,"Không áp dụng")) | Q16: =IF($A16="","",COUNTIFS(Task!$A$5:$A$404,$A16,Task!$K$5:$K$404,"Hoàn thành")) | R16: =IF($A16="","",Q16/MAX(P16,COUNTA('Mẫu task'!$A$5:$A$64))) | S16: =IF($A16="","",SUMIFS(Task!$O$5:$O$404,Task!$A$5:$A$404,$A16)) | T16: =IF($A16="","",COUNTIFS(Task!$A$5:$A$404,$A16,Task!$K$5:$K$404,"Bị chặn")) | U16: =IF($A16="","",IF(P16=0,"Chưa có task",IF(T16>0,"Bị chặn",IF(S16>0,"Có việc trễ",IF(N16=9,"Hoàn tất","Đúng tiến độ"))))) | V16: =IF($A16="","",IFERROR(INDEX('Chấm điểm'!$D$16:$M$16,MATCH($A16,'Chấm điểm'!$D$4:$M$4,0)),""))
F17: =IF($A17="","",IF((COUNTIFS(Task!$A$5:$A$404,$A17,Task!$C$5:$C$404,F$3)-COUNTIFS(Task!$A$5:$A$404,$A17,Task!$C$5:$C$404,F$3,Task!$K$5:$K$404,"Không áp dụng"))=0,"–",IF(COUNTIFS(Task!$A$5:$A$404,$A17,Task!$C$5:$C$404,F$3,Task!$K$5:$K$404,"Hoàn thành")=(COUNTIFS(Task!$A$5:$A$404,$A17,Task!$C$5:$C$404,F$3)-COUNTIFS(Task!$A$5:$A$404,$A17,Task!$C$5:$C$404,F$3,Task!$K$5:$K$404,"Không áp dụng")),"Xong",IF(COUNTIFS(Task!$A$5:$A$404,$A17,Task!$C$5:$C$404,F$3,Task!$K$5:$K$404,"Bị chặn")>0,"Bị chặn",IF(COUNTIFS(Task!$A$5:$A$404,$A17,Task!$C$5:$C$404,F$3,Task!$K$5:$K$404,"Hoàn thành")+COUNTIFS(Task!$A$5:$A$404,$A17,Task!$C$5:$C$404,F$3,Task!$K$5:$K$404,"Đang làm")>0,"Đang làm","Chưa"))))) | G17: =IF($A17="","",IF((COUNTIFS(Task!$A$5:$A$404,$A17,Task!$C$5:$C$404,G$3)-COUNTIFS(Task!$A$5:$A$404,$A17,Task!$C$5:$C$404,G$3,Task!$K$5:$K$404,"Không áp dụng"))=0,"–",IF(COUNTIFS(Task!$A$5:$A$404,$A17,Task!$C$5:$C$404,G$3,Task!$K$5:$K$404,"Hoàn thành")=(COUNTIFS(Task!$A$5:$A$404,$A17,Task!$C$5:$C$404,G$3)-COUNTIFS(Task!$A$5:$A$404,$A17,Task!$C$5:$C$404,G$3,Task!$K$5:$K$404,"Không áp dụng")),"Xong",IF(COUNTIFS(Task!$A$5:$A$404,$A17,Task!$C$5:$C$404,G$3,Task!$K$5:$K$404,"Bị chặn")>0,"Bị chặn",IF(COUNTIFS(Task!$A$5:$A$404,$A17,Task!$C$5:$C$404,G$3,Task!$K$5:$K$404,"Hoàn thành")+COUNTIFS(Task!$A$5:$A$404,$A17,Task!$C$5:$C$404,G$3,Task!$K$5:$K$404,"Đang làm")>0,"Đang làm","Chưa"))))) | H17: =IF($A17="","",IF((COUNTIFS(Task!$A$5:$A$404,$A17,Task!$C$5:$C$404,H$3)-COUNTIFS(Task!$A$5:$A$404,$A17,Task!$C$5:$C$404,H$3,Task!$K$5:$K$404,"Không áp dụng"))=0,"–",IF(COUNTIFS(Task!$A$5:$A$404,$A17,Task!$C$5:$C$404,H$3,Task!$K$5:$K$404,"Hoàn thành")=(COUNTIFS(Task!$A$5:$A$404,$A17,Task!$C$5:$C$404,H$3)-COUNTIFS(Task!$A$5:$A$404,$A17,Task!$C$5:$C$404,H$3,Task!$K$5:$K$404,"Không áp dụng")),"Xong",IF(COUNTIFS(Task!$A$5:$A$404,$A17,Task!$C$5:$C$404,H$3,Task!$K$5:$K$404,"Bị chặn")>0,"Bị chặn",IF(COUNTIFS(Task!$A$5:$A$404,$A17,Task!$C$5:$C$404,H$3,Task!$K$5:$K$404,"Hoàn thành")+COUNTIFS(Task!$A$5:$A$404,$A17,Task!$C$5:$C$404,H$3,Task!$K$5:$K$404,"Đang làm")>0,"Đang làm","Chưa"))))) | I17: =IF($A17="","",IF((COUNTIFS(Task!$A$5:$A$404,$A17,Task!$C$5:$C$404,I$3)-COUNTIFS(Task!$A$5:$A$404,$A17,Task!$C$5:$C$404,I$3,Task!$K$5:$K$404,"Không áp dụng"))=0,"–",IF(COUNTIFS(Task!$A$5:$A$404,$A17,Task!$C$5:$C$404,I$3,Task!$K$5:$K$404,"Hoàn thành")=(COUNTIFS(Task!$A$5:$A$404,$A17,Task!$C$5:$C$404,I$3)-COUNTIFS(Task!$A$5:$A$404,$A17,Task!$C$5:$C$404,I$3,Task!$K$5:$K$404,"Không áp dụng")),"Xong",IF(COUNTIFS(Task!$A$5:$A$404,$A17,Task!$C$5:$C$404,I$3,Task!$K$5:$K$404,"Bị chặn")>0,"Bị chặn",IF(COUNTIFS(Task!$A$5:$A$404,$A17,Task!$C$5:$C$404,I$3,Task!$K$5:$K$404,"Hoàn thành")+COUNTIFS(Task!$A$5:$A$404,$A17,Task!$C$5:$C$404,I$3,Task!$K$5:$K$404,"Đang làm")>0,"Đang làm","Chưa"))))) | J17: =IF($A17="","",IF((COUNTIFS(Task!$A$5:$A$404,$A17,Task!$C$5:$C$404,J$3)-COUNTIFS(Task!$A$5:$A$404,$A17,Task!$C$5:$C$404,J$3,Task!$K$5:$K$404,"Không áp dụng"))=0,"–",IF(COUNTIFS(Task!$A$5:$A$404,$A17,Task!$C$5:$C$404,J$3,Task!$K$5:$K$404,"Hoàn thành")=(COUNTIFS(Task!$A$5:$A$404,$A17,Task!$C$5:$C$404,J$3)-COUNTIFS(Task!$A$5:$A$404,$A17,Task!$C$5:$C$404,J$3,Task!$K$5:$K$404,"Không áp dụng")),"Xong",IF(COUNTIFS(Task!$A$5:$A$404,$A17,Task!$C$5:$C$404,J$3,Task!$K$5:$K$404,"Bị chặn")>0,"Bị chặn",IF(COUNTIFS(Task!$A$5:$A$404,$A17,Task!$C$5:$C$404,J$3,Task!$K$5:$K$404,"Hoàn thành")+COUNTIFS(Task!$A$5:$A$404,$A17,Task!$C$5:$C$404,J$3,Task!$K$5:$K$404,"Đang làm")>0,"Đang làm","Chưa"))))) | K17: =IF($A17="","",IF((COUNTIFS(Task!$A$5:$A$404,$A17,Task!$C$5:$C$404,K$3)-COUNTIFS(Task!$A$5:$A$404,$A17,Task!$C$5:$C$404,K$3,Task!$K$5:$K$404,"Không áp dụng"))=0,"–",IF(COUNTIFS(Task!$A$5:$A$404,$A17,Task!$C$5:$C$404,K$3,Task!$K$5:$K$404,"Hoàn thành")=(COUNTIFS(Task!$A$5:$A$404,$A17,Task!$C$5:$C$404,K$3)-COUNTIFS(Task!$A$5:$A$404,$A17,Task!$C$5:$C$404,K$3,Task!$K$5:$K$404,"Không áp dụng")),"Xong",IF(COUNTIFS(Task!$A$5:$A$404,$A17,Task!$C$5:$C$404,K$3,Task!$K$5:$K$404,"Bị chặn")>0,"Bị chặn",IF(COUNTIFS(Task!$A$5:$A$404,$A17,Task!$C$5:$C$404,K$3,Task!$K$5:$K$404,"Hoàn thành")+COUNTIFS(Task!$A$5:$A$404,$A17,Task!$C$5:$C$404,K$3,Task!$K$5:$K$404,"Đang làm")>0,"Đang làm","Chưa"))))) | L17: =IF($A17="","",IF((COUNTIFS(Task!$A$5:$A$404,$A17,Task!$C$5:$C$404,L$3)-COUNTIFS(Task!$A$5:$A$404,$A17,Task!$C$5:$C$404,L$3,Task!$K$5:$K$404,"Không áp dụng"))=0,"–",IF(COUNTIFS(Task!$A$5:$A$404,$A17,Task!$C$5:$C$404,L$3,Task!$K$5:$K$404,"Hoàn thành")=(COUNTIFS(Task!$A$5:$A$404,$A17,Task!$C$5:$C$404,L$3)-COUNTIFS(Task!$A$5:$A$404,$A17,Task!$C$5:$C$404,L$3,Task!$K$5:$K$404,"Không áp dụng")),"Xong",IF(COUNTIFS(Task!$A$5:$A$404,$A17,Task!$C$5:$C$404,L$3,Task!$K$5:$K$404,"Bị chặn")>0,"Bị chặn",IF(COUNTIFS(Task!$A$5:$A$404,$A17,Task!$C$5:$C$404,L$3,Task!$K$5:$K$404,"Hoàn thành")+COUNTIFS(Task!$A$5:$A$404,$A17,Task!$C$5:$C$404,L$3,Task!$K$5:$K$404,"Đang làm")>0,"Đang làm","Chưa"))))) | M17: =IF($A17="","",IF((COUNTIFS(Task!$A$5:$A$404,$A17,Task!$C$5:$C$404,M$3)-COUNTIFS(Task!$A$5:$A$404,$A17,Task!$C$5:$C$404,M$3,Task!$K$5:$K$404,"Không áp dụng"))=0,"–",IF(COUNTIFS(Task!$A$5:$A$404,$A17,Task!$C$5:$C$404,M$3,Task!$K$5:$K$404,"Hoàn thành")=(COUNTIFS(Task!$A$5:$A$404,$A17,Task!$C$5:$C$404,M$3)-COUNTIFS(Task!$A$5:$A$404,$A17,Task!$C$5:$C$404,M$3,Task!$K$5:$K$404,"Không áp dụng")),"Xong",IF(COUNTIFS(Task!$A$5:$A$404,$A17,Task!$C$5:$C$404,M$3,Task!$K$5:$K$404,"Bị chặn")>0,"Bị chặn",IF(COUNTIFS(Task!$A$5:$A$404,$A17,Task!$C$5:$C$404,M$3,Task!$K$5:$K$404,"Hoàn thành")+COUNTIFS(Task!$A$5:$A$404,$A17,Task!$C$5:$C$404,M$3,Task!$K$5:$K$404,"Đang làm")>0,"Đang làm","Chưa"))))) | N17: =IF($A17="","",IF(F17<>"Xong",1,IF(G17<>"Xong",2,IF(H17<>"Xong",3,IF(I17<>"Xong",4,IF(J17<>"Xong",5,IF(K17<>"Xong",6,IF(L17<>"Xong",7,IF(M17<>"Xong",8,9))))))))) | O17: =IF($A17="","",IF($N17=9,"Hoàn tất",INDEX('Quy trình'!$B$5:$B$12,$N17))) | P17: =IF($A17="","",COUNTIFS(Task!$A$5:$A$404,$A17)-COUNTIFS(Task!$A$5:$A$404,$A17,Task!$K$5:$K$404,"Không áp dụng")) | Q17: =IF($A17="","",COUNTIFS(Task!$A$5:$A$404,$A17,Task!$K$5:$K$404,"Hoàn thành")) | R17: =IF($A17="","",Q17/MAX(P17,COUNTA('Mẫu task'!$A$5:$A$64))) | S17: =IF($A17="","",SUMIFS(Task!$O$5:$O$404,Task!$A$5:$A$404,$A17)) | T17: =IF($A17="","",COUNTIFS(Task!$A$5:$A$404,$A17,Task!$K$5:$K$404,"Bị chặn")) | U17: =IF($A17="","",IF(P17=0,"Chưa có task",IF(T17>0,"Bị chặn",IF(S17>0,"Có việc trễ",IF(N17=9,"Hoàn tất","Đúng tiến độ"))))) | V17: =IF($A17="","",IFERROR(INDEX('Chấm điểm'!$D$16:$M$16,MATCH($A17,'Chấm điểm'!$D$4:$M$4,0)),""))
F18: =IF($A18="","",IF((COUNTIFS(Task!$A$5:$A$404,$A18,Task!$C$5:$C$404,F$3)-COUNTIFS(Task!$A$5:$A$404,$A18,Task!$C$5:$C$404,F$3,Task!$K$5:$K$404,"Không áp dụng"))=0,"–",IF(COUNTIFS(Task!$A$5:$A$404,$A18,Task!$C$5:$C$404,F$3,Task!$K$5:$K$404,"Hoàn thành")=(COUNTIFS(Task!$A$5:$A$404,$A18,Task!$C$5:$C$404,F$3)-COUNTIFS(Task!$A$5:$A$404,$A18,Task!$C$5:$C$404,F$3,Task!$K$5:$K$404,"Không áp dụng")),"Xong",IF(COUNTIFS(Task!$A$5:$A$404,$A18,Task!$C$5:$C$404,F$3,Task!$K$5:$K$404,"Bị chặn")>0,"Bị chặn",IF(COUNTIFS(Task!$A$5:$A$404,$A18,Task!$C$5:$C$404,F$3,Task!$K$5:$K$404,"Hoàn thành")+COUNTIFS(Task!$A$5:$A$404,$A18,Task!$C$5:$C$404,F$3,Task!$K$5:$K$404,"Đang làm")>0,"Đang làm","Chưa"))))) | G18: =IF($A18="","",IF((COUNTIFS(Task!$A$5:$A$404,$A18,Task!$C$5:$C$404,G$3)-COUNTIFS(Task!$A$5:$A$404,$A18,Task!$C$5:$C$404,G$3,Task!$K$5:$K$404,"Không áp dụng"))=0,"–",IF(COUNTIFS(Task!$A$5:$A$404,$A18,Task!$C$5:$C$404,G$3,Task!$K$5:$K$404,"Hoàn thành")=(COUNTIFS(Task!$A$5:$A$404,$A18,Task!$C$5:$C$404,G$3)-COUNTIFS(Task!$A$5:$A$404,$A18,Task!$C$5:$C$404,G$3,Task!$K$5:$K$404,"Không áp dụng")),"Xong",IF(COUNTIFS(Task!$A$5:$A$404,$A18,Task!$C$5:$C$404,G$3,Task!$K$5:$K$404,"Bị chặn")>0,"Bị chặn",IF(COUNTIFS(Task!$A$5:$A$404,$A18,Task!$C$5:$C$404,G$3,Task!$K$5:$K$404,"Hoàn thành")+COUNTIFS(Task!$A$5:$A$404,$A18,Task!$C$5:$C$404,G$3,Task!$K$5:$K$404,"Đang làm")>0,"Đang làm","Chưa"))))) | H18: =IF($A18="","",IF((COUNTIFS(Task!$A$5:$A$404,$A18,Task!$C$5:$C$404,H$3)-COUNTIFS(Task!$A$5:$A$404,$A18,Task!$C$5:$C$404,H$3,Task!$K$5:$K$404,"Không áp dụng"))=0,"–",IF(COUNTIFS(Task!$A$5:$A$404,$A18,Task!$C$5:$C$404,H$3,Task!$K$5:$K$404,"Hoàn thành")=(COUNTIFS(Task!$A$5:$A$404,$A18,Task!$C$5:$C$404,H$3)-COUNTIFS(Task!$A$5:$A$404,$A18,Task!$C$5:$C$404,H$3,Task!$K$5:$K$404,"Không áp dụng")),"Xong",IF(COUNTIFS(Task!$A$5:$A$404,$A18,Task!$C$5:$C$404,H$3,Task!$K$5:$K$404,"Bị chặn")>0,"Bị chặn",IF(COUNTIFS(Task!$A$5:$A$404,$A18,Task!$C$5:$C$404,H$3,Task!$K$5:$K$404,"Hoàn thành")+COUNTIFS(Task!$A$5:$A$404,$A18,Task!$C$5:$C$404,H$3,Task!$K$5:$K$404,"Đang làm")>0,"Đang làm","Chưa"))))) | I18: =IF($A18="","",IF((COUNTIFS(Task!$A$5:$A$404,$A18,Task!$C$5:$C$404,I$3)-COUNTIFS(Task!$A$5:$A$404,$A18,Task!$C$5:$C$404,I$3,Task!$K$5:$K$404,"Không áp dụng"))=0,"–",IF(COUNTIFS(Task!$A$5:$A$404,$A18,Task!$C$5:$C$404,I$3,Task!$K$5:$K$404,"Hoàn thành")=(COUNTIFS(Task!$A$5:$A$404,$A18,Task!$C$5:$C$404,I$3)-COUNTIFS(Task!$A$5:$A$404,$A18,Task!$C$5:$C$404,I$3,Task!$K$5:$K$404,"Không áp dụng")),"Xong",IF(COUNTIFS(Task!$A$5:$A$404,$A18,Task!$C$5:$C$404,I$3,Task!$K$5:$K$404,"Bị chặn")>0,"Bị chặn",IF(COUNTIFS(Task!$A$5:$A$404,$A18,Task!$C$5:$C$404,I$3,Task!$K$5:$K$404,"Hoàn thành")+COUNTIFS(Task!$A$5:$A$404,$A18,Task!$C$5:$C$404,I$3,Task!$K$5:$K$404,"Đang làm")>0,"Đang làm","Chưa"))))) | J18: =IF($A18="","",IF((COUNTIFS(Task!$A$5:$A$404,$A18,Task!$C$5:$C$404,J$3)-COUNTIFS(Task!$A$5:$A$404,$A18,Task!$C$5:$C$404,J$3,Task!$K$5:$K$404,"Không áp dụng"))=0,"–",IF(COUNTIFS(Task!$A$5:$A$404,$A18,Task!$C$5:$C$404,J$3,Task!$K$5:$K$404,"Hoàn thành")=(COUNTIFS(Task!$A$5:$A$404,$A18,Task!$C$5:$C$404,J$3)-COUNTIFS(Task!$A$5:$A$404,$A18,Task!$C$5:$C$404,J$3,Task!$K$5:$K$404,"Không áp dụng")),"Xong",IF(COUNTIFS(Task!$A$5:$A$404,$A18,Task!$C$5:$C$404,J$3,Task!$K$5:$K$404,"Bị chặn")>0,"Bị chặn",IF(COUNTIFS(Task!$A$5:$A$404,$A18,Task!$C$5:$C$404,J$3,Task!$K$5:$K$404,"Hoàn thành")+COUNTIFS(Task!$A$5:$A$404,$A18,Task!$C$5:$C$404,J$3,Task!$K$5:$K$404,"Đang làm")>0,"Đang làm","Chưa"))))) | K18: =IF($A18="","",IF((COUNTIFS(Task!$A$5:$A$404,$A18,Task!$C$5:$C$404,K$3)-COUNTIFS(Task!$A$5:$A$404,$A18,Task!$C$5:$C$404,K$3,Task!$K$5:$K$404,"Không áp dụng"))=0,"–",IF(COUNTIFS(Task!$A$5:$A$404,$A18,Task!$C$5:$C$404,K$3,Task!$K$5:$K$404,"Hoàn thành")=(COUNTIFS(Task!$A$5:$A$404,$A18,Task!$C$5:$C$404,K$3)-COUNTIFS(Task!$A$5:$A$404,$A18,Task!$C$5:$C$404,K$3,Task!$K$5:$K$404,"Không áp dụng")),"Xong",IF(COUNTIFS(Task!$A$5:$A$404,$A18,Task!$C$5:$C$404,K$3,Task!$K$5:$K$404,"Bị chặn")>0,"Bị chặn",IF(COUNTIFS(Task!$A$5:$A$404,$A18,Task!$C$5:$C$404,K$3,Task!$K$5:$K$404,"Hoàn thành")+COUNTIFS(Task!$A$5:$A$404,$A18,Task!$C$5:$C$404,K$3,Task!$K$5:$K$404,"Đang làm")>0,"Đang làm","Chưa"))))) | L18: =IF($A18="","",IF((COUNTIFS(Task!$A$5:$A$404,$A18,Task!$C$5:$C$404,L$3)-COUNTIFS(Task!$A$5:$A$404,$A18,Task!$C$5:$C$404,L$3,Task!$K$5:$K$404,"Không áp dụng"))=0,"–",IF(COUNTIFS(Task!$A$5:$A$404,$A18,Task!$C$5:$C$404,L$3,Task!$K$5:$K$404,"Hoàn thành")=(COUNTIFS(Task!$A$5:$A$404,$A18,Task!$C$5:$C$404,L$3)-COUNTIFS(Task!$A$5:$A$404,$A18,Task!$C$5:$C$404,L$3,Task!$K$5:$K$404,"Không áp dụng")),"Xong",IF(COUNTIFS(Task!$A$5:$A$404,$A18,Task!$C$5:$C$404,L$3,Task!$K$5:$K$404,"Bị chặn")>0,"Bị chặn",IF(COUNTIFS(Task!$A$5:$A$404,$A18,Task!$C$5:$C$404,L$3,Task!$K$5:$K$404,"Hoàn thành")+COUNTIFS(Task!$A$5:$A$404,$A18,Task!$C$5:$C$404,L$3,Task!$K$5:$K$404,"Đang làm")>0,"Đang làm","Chưa"))))) | M18: =IF($A18="","",IF((COUNTIFS(Task!$A$5:$A$404,$A18,Task!$C$5:$C$404,M$3)-COUNTIFS(Task!$A$5:$A$404,$A18,Task!$C$5:$C$404,M$3,Task!$K$5:$K$404,"Không áp dụng"))=0,"–",IF(COUNTIFS(Task!$A$5:$A$404,$A18,Task!$C$5:$C$404,M$3,Task!$K$5:$K$404,"Hoàn thành")=(COUNTIFS(Task!$A$5:$A$404,$A18,Task!$C$5:$C$404,M$3)-COUNTIFS(Task!$A$5:$A$404,$A18,Task!$C$5:$C$404,M$3,Task!$K$5:$K$404,"Không áp dụng")),"Xong",IF(COUNTIFS(Task!$A$5:$A$404,$A18,Task!$C$5:$C$404,M$3,Task!$K$5:$K$404,"Bị chặn")>0,"Bị chặn",IF(COUNTIFS(Task!$A$5:$A$404,$A18,Task!$C$5:$C$404,M$3,Task!$K$5:$K$404,"Hoàn thành")+COUNTIFS(Task!$A$5:$A$404,$A18,Task!$C$5:$C$404,M$3,Task!$K$5:$K$404,"Đang làm")>0,"Đang làm","Chưa"))))) | N18: =IF($A18="","",IF(F18<>"Xong",1,IF(G18<>"Xong",2,IF(H18<>"Xong",3,IF(I18<>"Xong",4,IF(J18<>"Xong",5,IF(K18<>"Xong",6,IF(L18<>"Xong",7,IF(M18<>"Xong",8,9))))))))) | O18: =IF($A18="","",IF($N18=9,"Hoàn tất",INDEX('Quy trình'!$B$5:$B$12,$N18))) | P18: =IF($A18="","",COUNTIFS(Task!$A$5:$A$404,$A18)-COUNTIFS(Task!$A$5:$A$404,$A18,Task!$K$5:$K$404,"Không áp dụng")) | Q18: =IF($A18="","",COUNTIFS(Task!$A$5:$A$404,$A18,Task!$K$5:$K$404,"Hoàn thành")) | R18: =IF($A18="","",Q18/MAX(P18,COUNTA('Mẫu task'!$A$5:$A$64))) | S18: =IF($A18="","",SUMIFS(Task!$O$5:$O$404,Task!$A$5:$A$404,$A18)) | T18: =IF($A18="","",COUNTIFS(Task!$A$5:$A$404,$A18,Task!$K$5:$K$404,"Bị chặn")) | U18: =IF($A18="","",IF(P18=0,"Chưa có task",IF(T18>0,"Bị chặn",IF(S18>0,"Có việc trễ",IF(N18=9,"Hoàn tất","Đúng tiến độ"))))) | V18: =IF($A18="","",IFERROR(INDEX('Chấm điểm'!$D$16:$M$16,MATCH($A18,'Chấm điểm'!$D$4:$M$4,0)),""))
... F54: =IF($A54="","",IF((COUNTIFS(Task!$A$5:$A$404,$A54,Task!$C$5:$C$404,F$3)-COUNTIFS(Task!$A$5:$A$404,$A54,Task!$C$5:$C$404,F$3,Task!$K$5:$K$404,"Không áp dụng"))=0,"–",IF(COUNTIFS(Task!$A$5:$A$404,$A54,Task!$C$5:$C$404,F$3,Task!$K$5:$K$404,"Hoàn thành")=(COUNTIFS(Task!$A$5:$A$404,$A54,Task!$C$5:$C$404,F$3)-COUNTIFS(Task!$A$5:$A$404,$A54,Task!$C$5:$C$404,F$3,Task!$K$5:$K$404,"Không áp dụng")),"Xong",IF(COUNTIFS(Task!$A$5:$A$404,$A54,Task!$C$5:$C$404,F$3,Task!$K$5:$K$404,"Bị chặn")>0,"Bị chặn",IF(COUNTIFS(Task!$A$5:$A$404,$A54,Task!$C$5:$C$404,F$3,Task!$K$5:$K$404,"Hoàn thành")+COUNTIFS(Task!$A$5:$A$404,$A54,Task!$C$5:$C$404,F$3,Task!$K$5:$K$404,"Đang làm")>0,"Đang làm","Chưa"))))) | G54: =IF($A54="","",IF((COUNTIFS(Task!$A$5:$A$404,$A54,Task!$C$5:$C$404,G$3)-COUNTIFS(Task!$A$5:$A$404,$A54,Task!$C$5:$C$404,G$3,Task!$K$5:$K$404,"Không áp dụng"))=0,"–",IF(COUNTIFS(Task!$A$5:$A$404,$A54,Task!$C$5:$C$404,G$3,Task!$K$5:$K$404,"Hoàn thành")=(COUNTIFS(Task!$A$5:$A$404,$A54,Task!$C$5:$C$404,G$3)-COUNTIFS(Task!$A$5:$A$404,$A54,Task!$C$5:$C$404,G$3,Task!$K$5:$K$404,"Không áp dụng")),"Xong",IF(COUNTIFS(Task!$A$5:$A$404,$A54,Task!$C$5:$C$404,G$3,Task!$K$5:$K$404,"Bị chặn")>0,"Bị chặn",IF(COUNTIFS(Task!$A$5:$A$404,$A54,Task!$C$5:$C$404,G$3,Task!$K$5:$K$404,"Hoàn thành")+COUNTIFS(Task!$A$5:$A$404,$A54,Task!$C$5:$C$404,G$3,Task!$K$5:$K$404,"Đang làm")>0,"Đang làm","Chưa"))))) | H54: =IF($A54="","",IF((COUNTIFS(Task!$A$5:$A$404,$A54,Task!$C$5:$C$404,H$3)-COUNTIFS(Task!$A$5:$A$404,$A54,Task!$C$5:$C$404,H$3,Task!$K$5:$K$404,"Không áp dụng"))=0,"–",IF(COUNTIFS(Task!$A$5:$A$404,$A54,Task!$C$5:$C$404,H$3,Task!$K$5:$K$404,"Hoàn thành")=(COUNTIFS(Task!$A$5:$A$404,$A54,Task!$C$5:$C$404,H$3)-COUNTIFS(Task!$A$5:$A$404,$A54,Task!$C$5:$C$404,H$3,Task!$K$5:$K$404,"Không áp dụng")),"Xong",IF(COUNTIFS(Task!$A$5:$A$404,$A54,Task!$C$5:$C$404,H$3,Task!$K$5:$K$404,"Bị chặn")>0,"Bị chặn",IF(COUNTIFS(Task!$A$5:$A$404,$A54,Task!$C$5:$C$404,H$3,Task!$K$5:$K$404,"Hoàn thành")+COUNTIFS(Task!$A$5:$A$404,$A54,Task!$C$5:$C$404,H$3,Task!$K$5:$K$404,"Đang làm")>0,"Đang làm","Chưa"))))) | I54: =IF($A54="","",IF((COUNTIFS(Task!$A$5:$A$404,$A54,Task!$C$5:$C$404,I$3)-COUNTIFS(Task!$A$5:$A$404,$A54,Task!$C$5:$C$404,I$3,Task!$K$5:$K$404,"Không áp dụng"))=0,"–",IF(COUNTIFS(Task!$A$5:$A$404,$A54,Task!$C$5:$C$404,I$3,Task!$K$5:$K$404,"Hoàn thành")=(COUNTIFS(Task!$A$5:$A$404,$A54,Task!$C$5:$C$404,I$3)-COUNTIFS(Task!$A$5:$A$404,$A54,Task!$C$5:$C$404,I$3,Task!$K$5:$K$404,"Không áp dụng")),"Xong",IF(COUNTIFS(Task!$A$5:$A$404,$A54,Task!$C$5:$C$404,I$3,Task!$K$5:$K$404,"Bị chặn")>0,"Bị chặn",IF(COUNTIFS(Task!$A$5:$A$404,$A54,Task!$C$5:$C$404,I$3,Task!$K$5:$K$404,"Hoàn thành")+COUNTIFS(Task!$A$5:$A$404,$A54,Task!$C$5:$C$404,I$3,Task!$K$5:$K$404,"Đang làm")>0,"Đang làm","Chưa"))))) | J54: =IF($A54="","",IF((COUNTIFS(Task!$A$5:$A$404,$A54,Task!$C$5:$C$404,J$3)-COUNTIFS(Task!$A$5:$A$404,$A54,Task!$C$5:$C$404,J$3,Task!$K$5:$K$404,"Không áp dụng"))=0,"–",IF(COUNTIFS(Task!$A$5:$A$404,$A54,Task!$C$5:$C$404,J$3,Task!$K$5:$K$404,"Hoàn thành")=(COUNTIFS(Task!$A$5:$A$404,$A54,Task!$C$5:$C$404,J$3)-COUNTIFS(Task!$A$5:$A$404,$A54,Task!$C$5:$C$404,J$3,Task!$K$5:$K$404,"Không áp dụng")),"Xong",IF(COUNTIFS(Task!$A$5:$A$404,$A54,Task!$C$5:$C$404,J$3,Task!$K$5:$K$404,"Bị chặn")>0,"Bị chặn",IF(COUNTIFS(Task!$A$5:$A$404,$A54,Task!$C$5:$C$404,J$3,Task!$K$5:$K$404,"Hoàn thành")+COUNTIFS(Task!$A$5:$A$404,$A54,Task!$C$5:$C$404,J$3,Task!$K$5:$K$404,"Đang làm")>0,"Đang làm","Chưa"))))) | K54: =IF($A54="","",IF((COUNTIFS(Task!$A$5:$A$404,$A54,Task!$C$5:$C$404,K$3)-COUNTIFS(Task!$A$5:$A$404,$A54,Task!$C$5:$C$404,K$3,Task!$K$5:$K$404,"Không áp dụng"))=0,"–",IF(COUNTIFS(Task!$A$5:$A$404,$A54,Task!$C$5:$C$404,K$3,Task!$K$5:$K$404,"Hoàn thành")=(COUNTIFS(Task!$A$5:$A$404,$A54,Task!$C$5:$C$404,K$3)-COUNTIFS(Task!$A$5:$A$404,$A54,Task!$C$5:$C$404,K$3,Task!$K$5:$K$404,"Không áp dụng")),"Xong",IF(COUNTIFS(Task!$A$5:$A$404,$A54,Task!$C$5:$C$404,K$3,Task!$K$5:$K$404,"Bị chặn")>0,"Bị chặn",IF(COUNTIFS(Task!$A$5:$A$404,$A54,Task!$C$5:$C$404,K$3,Task!$K$5:$K$404,"Hoàn thành")+COUNTIFS(Task!$A$5:$A$404,$A54,Task!$C$5:$C$404,K$3,Task!$K$5:$K$404,"Đang làm")>0,"Đang làm","Chưa"))))) | L54: =IF($A54="","",IF((COUNTIFS(Task!$A$5:$A$404,$A54,Task!$C$5:$C$404,L$3)-COUNTIFS(Task!$A$5:$A$404,$A54,Task!$C$5:$C$404,L$3,Task!$K$5:$K$404,"Không áp dụng"))=0,"–",IF(COUNTIFS(Task!$A$5:$A$404,$A54,Task!$C$5:$C$404,L$3,Task!$K$5:$K$404,"Hoàn thành")=(COUNTIFS(Task!$A$5:$A$404,$A54,Task!$C$5:$C$404,L$3)-COUNTIFS(Task!$A$5:$A$404,$A54,Task!$C$5:$C$404,L$3,Task!$K$5:$K$404,"Không áp dụng")),"Xong",IF(COUNTIFS(Task!$A$5:$A$404,$A54,Task!$C$5:$C$404,L$3,Task!$K$5:$K$404,"Bị chặn")>0,"Bị chặn",IF(COUNTIFS(Task!$A$5:$A$404,$A54,Task!$C$5:$C$404,L$3,Task!$K$5:$K$404,"Hoàn thành")+COUNTIFS(Task!$A$5:$A$404,$A54,Task!$C$5:$C$404,L$3,Task!$K$5:$K$404,"Đang làm")>0,"Đang làm","Chưa"))))) | M54: =IF($A54="","",IF((COUNTIFS(Task!$A$5:$A$404,$A54,Task!$C$5:$C$404,M$3)-COUNTIFS(Task!$A$5:$A$404,$A54,Task!$C$5:$C$404,M$3,Task!$K$5:$K$404,"Không áp dụng"))=0,"–",IF(COUNTIFS(Task!$A$5:$A$404,$A54,Task!$C$5:$C$404,M$3,Task!$K$5:$K$404,"Hoàn thành")=(COUNTIFS(Task!$A$5:$A$404,$A54,Task!$C$5:$C$404,M$3)-COUNTIFS(Task!$A$5:$A$404,$A54,Task!$C$5:$C$404,M$3,Task!$K$5:$K$404,"Không áp dụng")),"Xong",IF(COUNTIFS(Task!$A$5:$A$404,$A54,Task!$C$5:$C$404,M$3,Task!$K$5:$K$404,"Bị chặn")>0,"Bị chặn",IF(COUNTIFS(Task!$A$5:$A$404,$A54,Task!$C$5:$C$404,M$3,Task!$K$5:$K$404,"Hoàn thành")+COUNTIFS(Task!$A$5:$A$404,$A54,Task!$C$5:$C$404,M$3,Task!$K$5:$K$404,"Đang làm")>0,"Đang làm","Chưa"))))) | N54: =IF($A54="","",IF(F54<>"Xong",1,IF(G54<>"Xong",2,IF(H54<>"Xong",3,IF(I54<>"Xong",4,IF(J54<>"Xong",5,IF(K54<>"Xong",6,IF(L54<>"Xong",7,IF(M54<>"Xong",8,9))))))))) | O54: =IF($A54="","",IF($N54=9,"Hoàn tất",INDEX('Quy trình'!$B$5:$B$12,$N54))) | P54: =IF($A54="","",COUNTIFS(Task!$A$5:$A$404,$A54)-COUNTIFS(Task!$A$5:$A$404,$A54,Task!$K$5:$K$404,"Không áp dụng")) | Q54: =IF($A54="","",COUNTIFS(Task!$A$5:$A$404,$A54,Task!$K$5:$K$404,"Hoàn thành")) | R54: =IF($A54="","",Q54/MAX(P54,COUNTA('Mẫu task'!$A$5:$A$64))) | S54: =IF($A54="","",SUMIFS(Task!$O$5:$O$404,Task!$A$5:$A$404,$A54)) | T54: =IF($A54="","",COUNTIFS(Task!$A$5:$A$404,$A54,Task!$K$5:$K$404,"Bị chặn")) | U54: =IF($A54="","",IF(P54=0,"Chưa có task",IF(T54>0,"Bị chặn",IF(S54>0,"Có việc trễ",IF(N54=9,"Hoàn tất","Đúng tiến độ"))))) | V54: =IF($A54="","",IFERROR(INDEX('Chấm điểm'!$D$16:$M$16,MATCH($A54,'Chấm điểm'!$D$4:$M$4,0)),""))

Sheet Task
A1: Theo dõi task theo partner
A2: Mỗi dòng = 1 task của 1 partner. Chọn Partner + Mã task, rồi nhập Owner, Ngày giao, Trạng thái. Các cột còn lại tự tính.
A4: Partner | B4: Mã task | C4: Bước # | D4: Tên bước | E4: Việc cần làm | F4: Cần có (đầu vào) | G4: Owner | H4: Ngày giao | I4: SLA (ngày) | J4: Hạn | K4: Trạng thái | L4: Ngày hoàn thành | M4: Cảnh báo | N4: Ghi chú | O4: Cờ trễ | P4: Chờ bước trước
A5: Partner mẫu A (ví dụ – xoá/ghi đè) | B5: 1.1 | C5: =IF($B5="","",IFERROR(INDEX('Mẫu task'!$B$5:$B$64,MATCH($B5,'Mẫu task'!$A$5:$A$64,0)),"")) -> 1 | D5: =IF($C5="","",IFERROR(INDEX('Quy trình'!$B$5:$B$12,MATCH($C5,'Quy trình'!$A$5:$A$12,0)),"")) -> Sourcing | E5: =IF($B5="","",IFERROR(INDEX('Mẫu task'!$D$5:$D$64,MATCH($B5,'Mẫu task'!$A$5:$A$64,0)),"")) -> Chốt bộ tiêu chí chọn partner (đang là dấu ? trên bảng) | F5: =IF($B5="","",IFERROR(INDEX('Mẫu task'!$E$5:$E$64,MATCH($B5,'Mẫu task'!$A$5:$A$64,0)),"")) -> Mục tiêu hợp tác; danh mục sản phẩm VNW cần bổ sung | G5: BD | H5: 46251 | I5: =IF($B5="","",IFERROR(INDEX('Mẫu task'!$H$5:$H$64,MATCH($B5,'Mẫu task'!$A$5:$A$64,0)),"")) -> 5 | J5: =IF(OR($H5="",$I5=""),"",$H5+$I5) -> 46256 | K5: Hoàn thành | L5: 46255 | M5: =IF($B5="","",IF($K5="Hoàn thành","Xong",IF($K5="Không áp dụng","—",IF($K5="Bị chặn","Bị chặn",IF($O5=1,"TRỄ "&(TODAY()-$J5)&" ngày",IF(AND($K5="Đang làm",$P5>0),"Bước trước chưa xong",IF(AND($J5<>"",N($J5)-TODAY()<=3),"Sắp đến hạn",IF($K5="Đang làm","Đang làm","Chưa bắt đầu")))))))) -> Xong | O5: =IF(AND($B5<>"",$K5<>"Hoàn thành",$K5<>"Không áp dụng",$J5<>""),IF($J5<TODAY(),1,0),0) -> 0 | P5: =IF(AND($B5<>"",$C5<>"",N($C5)>1),COUNTIFS(Task!$A$5:$A$404,$A5,Task!$C$5:$C$404,N($C5)-1,Task!$K$5:$K$404,"<>Hoàn thành",Task!$K$5:$K$404,"<>Không áp dụng"),0) -> 0
A6: Partner mẫu A (ví dụ – xoá/ghi đè) | B6: 1.2 | C6: =IF($B6="","",IFERROR(INDEX('Mẫu task'!$B$5:$B$64,MATCH($B6,'Mẫu task'!$A$5:$A$64,0)),"")) -> 1 | D6: =IF($C6="","",IFERROR(INDEX('Quy trình'!$B$5:$B$12,MATCH($C6,'Quy trình'!$A$5:$A$12,0)),"")) -> Sourcing | E6: =IF($B6="","",IFERROR(INDEX('Mẫu task'!$D$5:$D$64,MATCH($B6,'Mẫu task'!$A$5:$A$64,0)),"")) -> Lập danh sách nguồn tìm partner | F6: =IF($B6="","",IFERROR(INDEX('Mẫu task'!$E$5:$E$64,MATCH($B6,'Mẫu task'!$A$5:$A$64,0)),"")) -> Các kênh: giới thiệu, vendor, sự kiện, thị trường | G6: BD | H6: 46256 | I6: =IF($B6="","",IFERROR(INDEX('Mẫu task'!$H$5:$H$64,MATCH($B6,'Mẫu task'!$A$5:$A$64,0)),"")) -> 3 | J6: =IF(OR($H6="",$I6=""),"",$H6+$I6) -> 46259 | K6: Hoàn thành | L6: 46258 | M6: =IF($B6="","",IF($K6="Hoàn thành","Xong",IF($K6="Không áp dụng","—",IF($K6="Bị chặn","Bị chặn",IF($O6=1,"TRỄ "&(TODAY()-$J6)&" ngày",IF(AND($K6="Đang làm",$P6>0),"Bước trước chưa xong",IF(AND($J6<>"",N($J6)-TODAY()<=3),"Sắp đến hạn",IF($K6="Đang làm","Đang làm","Chưa bắt đầu")))))))) -> Xong | O6: =IF(AND($B6<>"",$K6<>"Hoàn thành",$K6<>"Không áp dụng",$J6<>""),IF($J6<TODAY(),1,0),0) -> 0 | P6: =IF(AND($B6<>"",$C6<>"",N($C6)>1),COUNTIFS(Task!$A$5:$A$404,$A6,Task!$C$5:$C$404,N($C6)-1,Task!$K$5:$K$404,"<>Hoàn thành",Task!$K$5:$K$404,"<>Không áp dụng"),0) -> 0
A7: Partner mẫu A (ví dụ – xoá/ghi đè) | B7: 1.3 | C7: =IF($B7="","",IFERROR(INDEX('Mẫu task'!$B$5:$B$64,MATCH($B7,'Mẫu task'!$A$5:$A$64,0)),"")) -> 1 | D7: =IF($C7="","",IFERROR(INDEX('Quy trình'!$B$5:$B$12,MATCH($C7,'Quy trình'!$A$5:$A$12,0)),"")) -> Sourcing | E7: =IF($B7="","",IFERROR(INDEX('Mẫu task'!$D$5:$D$64,MATCH($B7,'Mẫu task'!$A$5:$A$64,0)),"")) -> Lập long list và chấm sơ bộ theo tiêu chí | F7: =IF($B7="","",IFERROR(INDEX('Mẫu task'!$E$5:$E$64,MATCH($B7,'Mẫu task'!$A$5:$A$64,0)),"")) -> Bộ tiêu chí 1.1; danh sách nguồn 1.2 | G7: BD | H7: 46259 | I7: =IF($B7="","",IFERROR(INDEX('Mẫu task'!$H$5:$H$64,MATCH($B7,'Mẫu task'!$A$5:$A$64,0)),"")) -> 7 | J7: =IF(OR($H7="",$I7=""),"",$H7+$I7) -> 46266 | K7: Hoàn thành | L7: 46265 | M7: =IF($B7="","",IF($K7="Hoàn thành","Xong",IF($K7="Không áp dụng","—",IF($K7="Bị chặn","Bị chặn",IF($O7=1,"TRỄ "&(TODAY()-$J7)&" ngày",IF(AND($K7="Đang làm",$P7>0),"Bước trước chưa xong",IF(AND($J7<>"",N($J7)-TODAY()<=3),"Sắp đến hạn",IF($K7="Đang làm","Đang làm","Chưa bắt đầu")))))))) -> Xong | O7: =IF(AND($B7<>"",$K7<>"Hoàn thành",$K7<>"Không áp dụng",$J7<>""),IF($J7<TODAY(),1,0),0) -> 0 | P7: =IF(AND($B7<>"",$C7<>"",N($C7)>1),COUNTIFS(Task!$A$5:$A$404,$A7,Task!$C$5:$C$404,N($C7)-1,Task!$K$5:$K$404,"<>Hoàn thành",Task!$K$5:$K$404,"<>Không áp dụng"),0) -> 0
A8: Partner mẫu A (ví dụ – xoá/ghi đè) | B8: 1.4 | C8: =IF($B8="","",IFERROR(INDEX('Mẫu task'!$B$5:$B$64,MATCH($B8,'Mẫu task'!$A$5:$A$64,0)),"")) -> 1 | D8: =IF($C8="","",IFERROR(INDEX('Quy trình'!$B$5:$B$12,MATCH($C8,'Quy trình'!$A$5:$A$12,0)),"")) -> Sourcing | E8: =IF($B8="","",IFERROR(INDEX('Mẫu task'!$D$5:$D$64,MATCH($B8,'Mẫu task'!$A$5:$A$64,0)),"")) -> Chốt short list partner 'A' | F8: =IF($B8="","",IFERROR(INDEX('Mẫu task'!$E$5:$E$64,MATCH($B8,'Mẫu task'!$A$5:$A$64,0)),"")) -> Long list có điểm | G8: BD | H8: 46266 | I8: =IF($B8="","",IFERROR(INDEX('Mẫu task'!$H$5:$H$64,MATCH($B8,'Mẫu task'!$A$5:$A$64,0)),"")) -> 2 | J8: =IF(OR($H8="",$I8=""),"",$H8+$I8) -> 46268 | K8: Hoàn thành | L8: 46267 | M8: =IF($B8="","",IF($K8="Hoàn thành","Xong",IF($K8="Không áp dụng","—",IF($K8="Bị chặn","Bị chặn",IF($O8=1,"TRỄ "&(TODAY()-$J8)&" ngày",IF(AND($K8="Đang làm",$P8>0),"Bước trước chưa xong",IF(AND($J8<>"",N($J8)-TODAY()<=3),"Sắp đến hạn",IF($K8="Đang làm","Đang làm","Chưa bắt đầu")))))))) -> Xong | O8: =IF(AND($B8<>"",$K8<>"Hoàn thành",$K8<>"Không áp dụng",$J8<>""),IF($J8<TODAY(),1,0),0) -> 0 | P8: =IF(AND($B8<>"",$C8<>"",N($C8)>1),COUNTIFS(Task!$A$5:$A$404,$A8,Task!$C$5:$C$404,N($C8)-1,Task!$K$5:$K$404,"<>Hoàn thành",Task!$K$5:$K$404,"<>Không áp dụng"),0) -> 0
A9: Partner mẫu A (ví dụ – xoá/ghi đè) | B9: 2.1 | C9: =IF($B9="","",IFERROR(INDEX('Mẫu task'!$B$5:$B$64,MATCH($B9,'Mẫu task'!$A$5:$A$64,0)),"")) -> 2 | D9: =IF($C9="","",IFERROR(INDEX('Quy trình'!$B$5:$B$12,MATCH($C9,'Quy trình'!$A$5:$A$12,0)),"")) -> Approach | E9: =IF($B9="","",IFERROR(INDEX('Mẫu task'!$D$5:$D$64,MATCH($B9,'Mẫu task'!$A$5:$A$64,0)),"")) -> Chuẩn bị presentation (công ty, VTF, đề xuất hợp tác) | F9: =IF($B9="","",IFERROR(INDEX('Mẫu task'!$E$5:$E$64,MATCH($B9,'Mẫu task'!$A$5:$A$64,0)),"")) -> Deck giới thiệu công ty và VTF; proposal giải pháp | G9: BD | H9: 46268 | I9: =IF($B9="","",IFERROR(INDEX('Mẫu task'!$H$5:$H$64,MATCH($B9,'Mẫu task'!$A$5:$A$64,0)),"")) -> 5 | J9: =IF(OR($H9="",$I9=""),"",$H9+$I9) -> 46273 | K9: Hoàn thành | L9: 46272 | M9: =IF($B9="","",IF($K9="Hoàn thành","Xong",IF($K9="Không áp dụng","—",IF($K9="Bị chặn","Bị chặn",IF($O9=1,"TRỄ "&(TODAY()-$J9)&" ngày",IF(AND($K9="Đang làm",$P9>0),"Bước trước chưa xong",IF(AND($J9<>"",N($J9)-TODAY()<=3),"Sắp đến hạn",IF($K9="Đang làm","Đang làm","Chưa bắt đầu")))))))) -> Xong | O9: =IF(AND($B9<>"",$K9<>"Hoàn thành",$K9<>"Không áp dụng",$J9<>""),IF($J9<TODAY(),1,0),0) -> 0 | P9: =IF(AND($B9<>"",$C9<>"",N($C9)>1),COUNTIFS(Task!$A$5:$A$404,$A9,Task!$C$5:$C$404,N($C9)-1,Task!$K$5:$K$404,"<>Hoàn thành",Task!$K$5:$K$404,"<>Không áp dụng"),0) -> 0
A10: Partner mẫu A (ví dụ – xoá/ghi đè) | B10: 2.2 | C10: =IF($B10="","",IFERROR(INDEX('Mẫu task'!$B$5:$B$64,MATCH($B10,'Mẫu task'!$A$5:$A$64,0)),"")) -> 2 | D10: =IF($C10="","",IFERROR(INDEX('Quy trình'!$B$5:$B$12,MATCH($C10,'Quy trình'!$A$5:$A$12,0)),"")) -> Approach | E10: =IF($B10="","",IFERROR(INDEX('Mẫu task'!$D$5:$D$64,MATCH($B10,'Mẫu task'!$A$5:$A$64,0)),"")) -> Liên hệ đầu mối partner và đặt lịch | F10: =IF($B10="","",IFERROR(INDEX('Mẫu task'!$E$5:$E$64,MATCH($B10,'Mẫu task'!$A$5:$A$64,0)),"")) -> Thông tin đầu mối phía partner | G10: BD | H10: 46273 | I10: =IF($B10="","",IFERROR(INDEX('Mẫu task'!$H$5:$H$64,MATCH($B10,'Mẫu task'!$A$5:$A$64,0)),"")) -> 3 | J10: =IF(OR($H10="",$I10=""),"",$H10+$I10) -> 46276 | K10: Hoàn thành | L10: 46275 | M10: =IF($B10="","",IF($K10="Hoàn thành","Xong",IF($K10="Không áp dụng","—",IF($K10="Bị chặn","Bị chặn",IF($O10=1,"TRỄ "&(TODAY()-$J10)&" ngày",IF(AND($K10="Đang làm",$P10>0),"Bước trước chưa xong",IF(AND($J10<>"",N($J10)-TODAY()<=3),"Sắp đến hạn",IF($K10="Đang làm","Đang làm","Chưa bắt đầu")))))))) -> Xong | O10: =IF(AND($B10<>"",$K10<>"Hoàn thành",$K10<>"Không áp dụng",$J10<>""),IF($J10<TODAY(),1,0),0) -> 0 | P10: =IF(AND($B10<>"",$C10<>"",N($C10)>1),COUNTIFS(Task!$A$5:$A$404,$A10,Task!$C$5:$C$404,N($C10)-1,Task!$K$5:$K$404,"<>Hoàn thành",Task!$K$5:$K$404,"<>Không áp dụng"),0) -> 0
A11: Partner mẫu A (ví dụ – xoá/ghi đè) | B11: 2.3 | C11: =IF($B11="","",IFERROR(INDEX('Mẫu task'!$B$5:$B$64,MATCH($B11,'Mẫu task'!$A$5:$A$64,0)),"")) -> 2 | D11: =IF($C11="","",IFERROR(INDEX('Quy trình'!$B$5:$B$12,MATCH($C11,'Quy trình'!$A$5:$A$12,0)),"")) -> Approach | E11: =IF($B11="","",IFERROR(INDEX('Mẫu task'!$D$5:$D$64,MATCH($B11,'Mẫu task'!$A$5:$A$64,0)),"")) -> Thuyết trình / gặp gỡ lần đầu | F11: =IF($B11="","",IFERROR(INDEX('Mẫu task'!$E$5:$E$64,MATCH($B11,'Mẫu task'!$A$5:$A$64,0)),"")) -> Deck 2.1 | G11: BD | H11: 46276 | I11: =IF($B11="","",IFERROR(INDEX('Mẫu task'!$H$5:$H$64,MATCH($B11,'Mẫu task'!$A$5:$A$64,0)),"")) -> 3 | J11: =IF(OR($H11="",$I11=""),"",$H11+$I11) -> 46279 | K11: Hoàn thành | L11: 46278 | M11: =IF($B11="","",IF($K11="Hoàn thành","Xong",IF($K11="Không áp dụng","—",IF($K11="Bị chặn","Bị chặn",IF($O11=1,"TRỄ "&(TODAY()-$J11)&" ngày",IF(AND($K11="Đang làm",$P11>0),"Bước trước chưa xong",IF(AND($J11<>"",N($J11)-TODAY()<=3),"Sắp đến hạn",IF($K11="Đang làm","Đang làm","Chưa bắt đầu")))))))) -> Xong | O11: =IF(AND($B11<>"",$K11<>"Hoàn thành",$K11<>"Không áp dụng",$J11<>""),IF($J11<TODAY(),1,0),0) -> 0 | P11: =IF(AND($B11<>"",$C11<>"",N($C11)>1),COUNTIFS(Task!$A$5:$A$404,$A11,Task!$C$5:$C$404,N($C11)-1,Task!$K$5:$K$404,"<>Hoàn thành",Task!$K$5:$K$404,"<>Không áp dụng"),0) -> 0
A12: Partner mẫu A (ví dụ – xoá/ghi đè) | B12: 2.4 | C12: =IF($B12="","",IFERROR(INDEX('Mẫu task'!$B$5:$B$64,MATCH($B12,'Mẫu task'!$A$5:$A$64,0)),"")) -> 2 | D12: =IF($C12="","",IFERROR(INDEX('Quy trình'!$B$5:$B$12,MATCH($C12,'Quy trình'!$A$5:$A$12,0)),"")) -> Approach | E12: =IF($B12="","",IFERROR(INDEX('Mẫu task'!$D$5:$D$64,MATCH($B12,'Mẫu task'!$A$5:$A$64,0)),"")) -> Nhận phản hồi quan tâm từ partner | F12: =IF($B12="","",IFERROR(INDEX('Mẫu task'!$E$5:$E$64,MATCH($B12,'Mẫu task'!$A$5:$A$64,0)),"")) -> Biên bản buổi gặp | G12: BD | H12: 46279 | I12: =IF($B12="","",IFERROR(INDEX('Mẫu task'!$H$5:$H$64,MATCH($B12,'Mẫu task'!$A$5:$A$64,0)),"")) -> 5 | J12: =IF(OR($H12="",$I12=""),"",$H12+$I12) -> 46284 | K12: Hoàn thành | L12: 46283 | M12: =IF($B12="","",IF($K12="Hoàn thành","Xong",IF($K12="Không áp dụng","—",IF($K12="Bị chặn","Bị chặn",IF($O12=1,"TRỄ "&(TODAY()-$J12)&" ngày",IF(AND($K12="Đang làm",$P12>0),"Bước trước chưa xong",IF(AND($J12<>"",N($J12)-TODAY()<=3),"Sắp đến hạn",IF($K12="Đang làm","Đang làm","Chưa bắt đầu")))))))) -> Xong | O12: =IF(AND($B12<>"",$K12<>"Hoàn thành",$K12<>"Không áp dụng",$J12<>""),IF($J12<TODAY(),1,0),0) -> 0 | P12: =IF(AND($B12<>"",$C12<>"",N($C12)>1),COUNTIFS(Task!$A$5:$A$404,$A12,Task!$C$5:$C$404,N($C12)-1,Task!$K$5:$K$404,"<>Hoàn thành",Task!$K$5:$K$404,"<>Không áp dụng"),0) -> 0
A13: Partner mẫu A (ví dụ – xoá/ghi đè) | B13: 3.1 | C13: =IF($B13="","",IFERROR(INDEX('Mẫu task'!$B$5:$B$64,MATCH($B13,'Mẫu task'!$A$5:$A$64,0)),"")) -> 3 | D13: =IF($C13="","",IFERROR(INDEX('Quy trình'!$B$5:$B$12,MATCH($C13,'Quy trình'!$A$5:$A$12,0)),"")) -> NDA | E13: =IF($B13="","",IFERROR(INDEX('Mẫu task'!$D$5:$D$64,MATCH($B13,'Mẫu task'!$A$5:$A$64,0)),"")) -> Chuẩn bị mẫu NDA (pháp chế duyệt) | F13: =IF($B13="","",IFERROR(INDEX('Mẫu task'!$E$5:$E$64,MATCH($B13,'Mẫu task'!$A$5:$A$64,0)),"")) -> Mẫu NDA chuẩn | G13: Pháp chế | H13: 46284 | I13: =IF($B13="","",IFERROR(INDEX('Mẫu task'!$H$5:$H$64,MATCH($B13,'Mẫu task'!$A$5:$A$64,0)),"")) -> 3 | J13: =IF(OR($H13="",$I13=""),"",$H13+$I13) -> 46287 | K13: Hoàn thành | L13: 46286 | M13: =IF($B13="","",IF($K13="Hoàn thành","Xong",IF($K13="Không áp dụng","—",IF($K13="Bị chặn","Bị chặn",IF($O13=1,"TRỄ "&(TODAY()-$J13)&" ngày",IF(AND($K13="Đang làm",$P13>0),"Bước trước chưa xong",IF(AND($J13<>"",N($J13)-TODAY()<=3),"Sắp đến hạn",IF($K13="Đang làm","Đang làm","Chưa bắt đầu")))))))) -> Xong | O13: =IF(AND($B13<>"",$K13<>"Hoàn thành",$K13<>"Không áp dụng",$J13<>""),IF($J13<TODAY(),1,0),0) -> 0 | P13: =IF(AND($B13<>"",$C13<>"",N($C13)>1),COUNTIFS(Task!$A$5:$A$404,$A13,Task!$C$5:$C$404,N($C13)-1,Task!$K$5:$K$404,"<>Hoàn thành",Task!$K$5:$K$404,"<>Không áp dụng"),0) -> 0
A14: Partner mẫu A (ví dụ – xoá/ghi đè) | B14: 3.2 | C14: =IF($B14="","",IFERROR(INDEX('Mẫu task'!$B$5:$B$64,MATCH($B14,'Mẫu task'!$A$5:$A$64,0)),"")) -> 3 | D14: =IF($C14="","",IFERROR(INDEX('Quy trình'!$B$5:$B$12,MATCH($C14,'Quy trình'!$A$5:$A$12,0)),"")) -> NDA | E14: =IF($B14="","",IFERROR(INDEX('Mẫu task'!$D$5:$D$64,MATCH($B14,'Mẫu task'!$A$5:$A$64,0)),"")) -> Gửi và thương lượng điều khoản NDA | F14: =IF($B14="","",IFERROR(INDEX('Mẫu task'!$E$5:$E$64,MATCH($B14,'Mẫu task'!$A$5:$A$64,0)),"")) -> NDA 3.1 | G14: Pháp chế | H14: 46287 | I14: =IF($B14="","",IFERROR(INDEX('Mẫu task'!$H$5:$H$64,MATCH($B14,'Mẫu task'!$A$5:$A$64,0)),"")) -> 5 | J14: =IF(OR($H14="",$I14=""),"",$H14+$I14) -> 46292 | K14: Hoàn thành | L14: 46291 | M14: =IF($B14="","",IF($K14="Hoàn thành","Xong",IF($K14="Không áp dụng","—",IF($K14="Bị chặn","Bị chặn",IF($O14=1,"TRỄ "&(TODAY()-$J14)&" ngày",IF(AND($K14="Đang làm",$P14>0),"Bước trước chưa xong",IF(AND($J14<>"",N($J14)-TODAY()<=3),"Sắp đến hạn",IF($K14="Đang làm","Đang làm","Chưa bắt đầu")))))))) -> Xong | O14: =IF(AND($B14<>"",$K14<>"Hoàn thành",$K14<>"Không áp dụng",$J14<>""),IF($J14<TODAY(),1,0),0) -> 0 | P14: =IF(AND($B14<>"",$C14<>"",N($C14)>1),COUNTIFS(Task!$A$5:$A$404,$A14,Task!$C$5:$C$404,N($C14)-1,Task!$K$5:$K$404,"<>Hoàn thành",Task!$K$5:$K$404,"<>Không áp dụng"),0) -> 0
A15: Partner mẫu A (ví dụ – xoá/ghi đè) | B15: 3.3 | C15: =IF($B15="","",IFERROR(INDEX('Mẫu task'!$B$5:$B$64,MATCH($B15,'Mẫu task'!$A$5:$A$64,0)),"")) -> 3 | D15: =IF($C15="","",IFERROR(INDEX('Quy trình'!$B$5:$B$12,MATCH($C15,'Quy trình'!$A$5:$A$12,0)),"")) -> NDA | E15: =IF($B15="","",IFERROR(INDEX('Mẫu task'!$D$5:$D$64,MATCH($B15,'Mẫu task'!$A$5:$A$64,0)),"")) -> Ký NDA và lưu bản gốc | F15: =IF($B15="","",IFERROR(INDEX('Mẫu task'!$E$5:$E$64,MATCH($B15,'Mẫu task'!$A$5:$A$64,0)),"")) -> Người ký hai bên | G15: Pháp chế | H15: 46292 | I15: =IF($B15="","",IFERROR(INDEX('Mẫu task'!$H$5:$H$64,MATCH($B15,'Mẫu task'!$A$5:$A$64,0)),"")) -> 3 | J15: =IF(OR($H15="",$I15=""),"",$H15+$I15) -> 46295 | K15: Hoàn thành | L15: 46294 | M15: =IF($B15="","",IF($K15="Hoàn thành","Xong",IF($K15="Không áp dụng","—",IF($K15="Bị chặn","Bị chặn",IF($O15=1,"TRỄ "&(TODAY()-$J15)&" ngày",IF(AND($K15="Đang làm",$P15>0),"Bước trước chưa xong",IF(AND($J15<>"",N($J15)-TODAY()<=3),"Sắp đến hạn",IF($K15="Đang làm","Đang làm","Chưa bắt đầu")))))))) -> Xong | O15: =IF(AND($B15<>"",$K15<>"Hoàn thành",$K15<>"Không áp dụng",$J15<>""),IF($J15<TODAY(),1,0),0) -> 0 | P15: =IF(AND($B15<>"",$C15<>"",N($C15)>1),COUNTIFS(Task!$A$5:$A$404,$A15,Task!$C$5:$C$404,N($C15)-1,Task!$K$5:$K$404,"<>Hoàn thành",Task!$K$5:$K$404,"<>Không áp dụng"),0) -> 0
A16: Partner mẫu A (ví dụ – xoá/ghi đè) | B16: 4.1 | C16: =IF($B16="","",IFERROR(INDEX('Mẫu task'!$B$5:$B$64,MATCH($B16,'Mẫu task'!$A$5:$A$64,0)),"")) -> 4 | D16: =IF($C16="","",IFERROR(INDEX('Quy trình'!$B$5:$B$12,MATCH($C16,'Quy trình'!$A$5:$A$12,0)),"")) -> Hồ sơ của partner (A) | E16: =IF($B16="","",IFERROR(INDEX('Mẫu task'!$D$5:$D$64,MATCH($B16,'Mẫu task'!$A$5:$A$64,0)),"")) -> Nhận company profile của partner | F16: =IF($B16="","",IFERROR(INDEX('Mẫu task'!$E$5:$E$64,MATCH($B16,'Mẫu task'!$A$5:$A$64,0)),"")) -> NDA đã ký | G16: BD | H16: 46295 | I16: =IF($B16="","",IFERROR(INDEX('Mẫu task'!$H$5:$H$64,MATCH($B16,'Mẫu task'!$A$5:$A$64,0)),"")) -> 5 | J16: =IF(OR($H16="",$I16=""),"",$H16+$I16) -> 46300 | K16: Hoàn thành | L16: 46299 | M16: =IF($B16="","",IF($K16="Hoàn thành","Xong",IF($K16="Không áp dụng","—",IF($K16="Bị chặn","Bị chặn",IF($O16=1,"TRỄ "&(TODAY()-$J16)&" ngày",IF(AND($K16="Đang làm",$P16>0),"Bước trước chưa xong",IF(AND($J16<>"",N($J16)-TODAY()<=3),"Sắp đến hạn",IF($K16="Đang làm","Đang làm","Chưa bắt đầu")))))))) -> Xong | O16: =IF(AND($B16<>"",$K16<>"Hoàn thành",$K16<>"Không áp dụng",$J16<>""),IF($J16<TODAY(),1,0),0) -> 0 | P16: =IF(AND($B16<>"",$C16<>"",N($C16)>1),COUNTIFS(Task!$A$5:$A$404,$A16,Task!$C$5:$C$404,N($C16)-1,Task!$K$5:$K$404,"<>Hoàn thành",Task!$K$5:$K$404,"<>Không áp dụng"),0) -> 0
A17: Partner mẫu A (ví dụ – xoá/ghi đè) | B17: 4.2 | C17: =IF($B17="","",IFERROR(INDEX('Mẫu task'!$B$5:$B$64,MATCH($B17,'Mẫu task'!$A$5:$A$64,0)),"")) -> 4 | D17: =IF($C17="","",IFERROR(INDEX('Quy trình'!$B$5:$B$12,MATCH($C17,'Quy trình'!$A$5:$A$12,0)),"")) -> Hồ sơ của partner (A) | E17: =IF($B17="","",IFERROR(INDEX('Mẫu task'!$D$5:$D$64,MATCH($B17,'Mẫu task'!$A$5:$A$64,0)),"")) -> Nhận product deck của partner | F17: =IF($B17="","",IFERROR(INDEX('Mẫu task'!$E$5:$E$64,MATCH($B17,'Mẫu task'!$A$5:$A$64,0)),"")) -> NDA đã ký | G17: BD | H17: 46300 | I17: =IF($B17="","",IFERROR(INDEX('Mẫu task'!$H$5:$H$64,MATCH($B17,'Mẫu task'!$A$5:$A$64,0)),"")) -> 5 | J17: =IF(OR($H17="",$I17=""),"",$H17+$I17) -> 46305 | K17: Hoàn thành | L17: 46304 | M17: =IF($B17="","",IF($K17="Hoàn thành","Xong",IF($K17="Không áp dụng","—",IF($K17="Bị chặn","Bị chặn",IF($O17=1,"TRỄ "&(TODAY()-$J17)&" ngày",IF(AND($K17="Đang làm",$P17>0),"Bước trước chưa xong",IF(AND($J17<>"",N($J17)-TODAY()<=3),"Sắp đến hạn",IF($K17="Đang làm","Đang làm","Chưa bắt đầu")))))))) -> Xong | O17: =IF(AND($B17<>"",$K17<>"Hoàn thành",$K17<>"Không áp dụng",$J17<>""),IF($J17<TODAY(),1,0),0) -> 0 | P17: =IF(AND($B17<>"",$C17<>"",N($C17)>1),COUNTIFS(Task!$A$5:$A$404,$A17,Task!$C$5:$C$404,N($C17)-1,Task!$K$5:$K$404,"<>Hoàn thành",Task!$K$5:$K$404,"<>Không áp dụng"),0) -> 0
A18: Partner mẫu A (ví dụ – xoá/ghi đè) | B18: 4.3 | C18: =IF($B18="","",IFERROR(INDEX('Mẫu task'!$B$5:$B$64,MATCH($B18,'Mẫu task'!$A$5:$A$64,0)),"")) -> 4 | D18: =IF($C18="","",IFERROR(INDEX('Quy trình'!$B$5:$B$12,MATCH($C18,'Quy trình'!$A$5:$A$12,0)),"")) -> Hồ sơ của partner (A) | E18: =IF($B18="","",IFERROR(INDEX('Mẫu task'!$D$5:$D$64,MATCH($B18,'Mẫu task'!$A$5:$A$64,0)),"")) -> Nhận price policy của partner | F18: =IF($B18="","",IFERROR(INDEX('Mẫu task'!$E$5:$E$64,MATCH($B18,'Mẫu task'!$A$5:$A$64,0)),"")) -> NDA đã ký | G18: BD | H18: 46305 | I18: =IF($B18="","",IFERROR(INDEX('Mẫu task'!$H$5:$H$64,MATCH($B18,'Mẫu task'!$A$5:$A$64,0)),"")) -> 5 | J18: =IF(OR($H18="",$I18=""),"",$H18+$I18) -> 46310 | K18: Đang làm | M18: =IF($B18="","",IF($K18="Hoàn thành","Xong",IF($K18="Không áp dụng","—",IF($K18="Bị chặn","Bị chặn",IF($O18=1,"TRỄ "&(TODAY()-$J18)&" ngày",IF(AND($K18="Đang làm",$P18>0),"Bước trước chưa xong",IF(AND($J18<>"",N($J18)-TODAY()<=3),"Sắp đến hạn",IF($K18="Đang làm","Đang làm","Chưa bắt đầu")))))))) -> TRỄ 15 ngày | N18: Đang chờ partner gửi bảng giá (ví dụ) | O18: =IF(AND($B18<>"",$K18<>"Hoàn thành",$K18<>"Không áp dụng",$J18<>""),IF($J18<TODAY(),1,0),0) -> 1 | P18: =IF(AND($B18<>"",$C18<>"",N($C18)>1),COUNTIFS(Task!$A$5:$A$404,$A18,Task!$C$5:$C$404,N($C18)-1,Task!$K$5:$K$404,"<>Hoàn thành",Task!$K$5:$K$404,"<>Không áp dụng"),0) -> 0
A19: Partner mẫu A (ví dụ – xoá/ghi đè) | B19: 4.4 | C19: =IF($B19="","",IFERROR(INDEX('Mẫu task'!$B$5:$B$64,MATCH($B19,'Mẫu task'!$A$5:$A$64,0)),"")) -> 4 | D19: =IF($C19="","",IFERROR(INDEX('Quy trình'!$B$5:$B$12,MATCH($C19,'Quy trình'!$A$5:$A$12,0)),"")) -> Hồ sơ của partner (A) | E19: =IF($B19="","",IFERROR(INDEX('Mẫu task'!$D$5:$D$64,MATCH($B19,'Mẫu task'!$A$5:$A$64,0)),"")) -> Nhận / thống nhất biz collaboration model | F19: =IF($B19="","",IFERROR(INDEX('Mẫu task'!$E$5:$E$64,MATCH($B19,'Mẫu task'!$A$5:$A$64,0)),"")) -> NDA đã ký | G19: BD | I19: =IF($B19="","",IFERROR(INDEX('Mẫu task'!$H$5:$H$64,MATCH($B19,'Mẫu task'!$A$5:$A$64,0)),"")) -> 7 | J19: =IF(OR($H19="",$I19=""),"",$H19+$I19) | K19: Chưa bắt đầu | M19: =IF($B19="","",IF($K19="Hoàn thành","Xong",IF($K19="Không áp dụng","—",IF($K19="Bị chặn","Bị chặn",IF($O19=1,"TRỄ "&(TODAY()-$J19)&" ngày",IF(AND($K19="Đang làm",$P19>0),"Bước trước chưa xong",IF(AND($J19<>"",N($J19)-TODAY()<=3),"Sắp đến hạn",IF($K19="Đang làm","Đang làm","Chưa bắt đầu")))))))) -> Chưa bắt đầu | O19: =IF(AND($B19<>"",$K19<>"Hoàn thành",$K19<>"Không áp dụng",$J19<>""),IF($J19<TODAY(),1,0),0) -> 0 | P19: =IF(AND($B19<>"",$C19<>"",N($C19)>1),COUNTIFS(Task!$A$5:$A$404,$A19,Task!$C$5:$C$404,N($C19)-1,Task!$K$5:$K$404,"<>Hoàn thành",Task!$K$5:$K$404,"<>Không áp dụng"),0) -> 0
A20: Partner mẫu A (ví dụ – xoá/ghi đè) | B20: 4.5 | C20: =IF($B20="","",IFERROR(INDEX('Mẫu task'!$B$5:$B$64,MATCH($B20,'Mẫu task'!$A$5:$A$64,0)),"")) -> 4 | D20: =IF($C20="","",IFERROR(INDEX('Quy trình'!$B$5:$B$12,MATCH($C20,'Quy trình'!$A$5:$A$12,0)),"")) -> Hồ sơ của partner (A) | E20: =IF($B20="","",IFERROR(INDEX('Mẫu task'!$D$5:$D$64,MATCH($B20,'Mẫu task'!$A$5:$A$64,0)),"")) -> Rà soát tính đầy đủ của hồ sơ | F20: =IF($B20="","",IFERROR(INDEX('Mẫu task'!$E$5:$E$64,MATCH($B20,'Mẫu task'!$A$5:$A$64,0)),"")) -> Hồ sơ 4.1 đến 4.4 | G20: BD | I20: =IF($B20="","",IFERROR(INDEX('Mẫu task'!$H$5:$H$64,MATCH($B20,'Mẫu task'!$A$5:$A$64,0)),"")) -> 3 | J20: =IF(OR($H20="",$I20=""),"",$H20+$I20) | K20: Chưa bắt đầu | M20: =IF($B20="","",IF($K20="Hoàn thành","Xong",IF($K20="Không áp dụng","—",IF($K20="Bị chặn","Bị chặn",IF($O20=1,"TRỄ "&(TODAY()-$J20)&" ngày",IF(AND($K20="Đang làm",$P20>0),"Bước trước chưa xong",IF(AND($J20<>"",N($J20)-TODAY()<=3),"Sắp đến hạn",IF($K20="Đang làm","Đang làm","Chưa bắt đầu")))))))) -> Chưa bắt đầu | O20: =IF(AND($B20<>"",$K20<>"Hoàn thành",$K20<>"Không áp dụng",$J20<>""),IF($J20<TODAY(),1,0),0) -> 0 | P20: =IF(AND($B20<>"",$C20<>"",N($C20)>1),COUNTIFS(Task!$A$5:$A$404,$A20,Task!$C$5:$C$404,N($C20)-1,Task!$K$5:$K$404,"<>Hoàn thành",Task!$K$5:$K$404,"<>Không áp dụng"),0) -> 0
A21: Partner mẫu A (ví dụ – xoá/ghi đè) | B21: 5.1 | C21: =IF($B21="","",IFERROR(INDEX('Mẫu task'!$B$5:$B$64,MATCH($B21,'Mẫu task'!$A$5:$A$64,0)),"")) -> 5 | D21: =IF($C21="","",IFERROR(INDEX('Quy trình'!$B$5:$B$12,MATCH($C21,'Quy trình'!$A$5:$A$12,0)),"")) -> Tech meeting | E21: =IF($B21="","",IFERROR(INDEX('Mẫu task'!$D$5:$D$64,MATCH($B21,'Mẫu task'!$A$5:$A$64,0)),"")) -> Chuẩn bị bộ tiêu chí đánh giá và checklist tech meeting | F21: =IF($B21="","",IFERROR(INDEX('Mẫu task'!$E$5:$E$64,MATCH($B21,'Mẫu task'!$A$5:$A$64,0)),"")) -> Tiêu chí đánh giá tiềm năng hợp tác sản phẩm (đang là dấu ?) | G21: Tech | I21: =IF($B21="","",IFERROR(INDEX('Mẫu task'!$H$5:$H$64,MATCH($B21,'Mẫu task'!$A$5:$A$64,0)),"")) -> 3 | J21: =IF(OR($H21="",$I21=""),"",$H21+$I21) | K21: Chưa bắt đầu | M21: =IF($B21="","",IF($K21="Hoàn thành","Xong",IF($K21="Không áp dụng","—",IF($K21="Bị chặn","Bị chặn",IF($O21=1,"TRỄ "&(TODAY()-$J21)&" ngày",IF(AND($K21="Đang làm",$P21>0),"Bước trước chưa xong",IF(AND($J21<>"",N($J21)-TODAY()<=3),"Sắp đến hạn",IF($K21="Đang làm","Đang làm","Chưa bắt đầu")))))))) -> Chưa bắt đầu | O21: =IF(AND($B21<>"",$K21<>"Hoàn thành",$K21<>"Không áp dụng",$J21<>""),IF($J21<TODAY(),1,0),0) -> 0 | P21: =IF(AND($B21<>"",$C21<>"",N($C21)>1),COUNTIFS(Task!$A$5:$A$404,$A21,Task!$C$5:$C$404,N($C21)-1,Task!$K$5:$K$404,"<>Hoàn thành",Task!$K$5:$K$404,"<>Không áp dụng"),0) -> 3
A22: Partner mẫu A (ví dụ – xoá/ghi đè) | B22: 5.2 | C22: =IF($B22="","",IFERROR(INDEX('Mẫu task'!$B$5:$B$64,MATCH($B22,'Mẫu task'!$A$5:$A$64,0)),"")) -> 5 | D22: =IF($C22="","",IFERROR(INDEX('Quy trình'!$B$5:$B$12,MATCH($C22,'Quy trình'!$A$5:$A$12,0)),"")) -> Tech meeting | E22: =IF($B22="","",IFERROR(INDEX('Mẫu task'!$D$5:$D$64,MATCH($B22,'Mẫu task'!$A$5:$A$64,0)),"")) -> Xác định sản phẩm VNW định hướng (viết ra) | F22: =IF($B22="","",IFERROR(INDEX('Mẫu task'!$E$5:$E$64,MATCH($B22,'Mẫu task'!$A$5:$A$64,0)),"")) -> Danh mục SP VNW | G22: Product | I22: =IF($B22="","",IFERROR(INDEX('Mẫu task'!$H$5:$H$64,MATCH($B22,'Mẫu task'!$A$5:$A$64,0)),"")) -> 3 | J22: =IF(OR($H22="",$I22=""),"",$H22+$I22) | K22: Chưa bắt đầu | M22: =IF($B22="","",IF($K22="Hoàn thành","Xong",IF($K22="Không áp dụng","—",IF($K22="Bị chặn","Bị chặn",IF($O22=1,"TRỄ "&(TODAY()-$J22)&" ngày",IF(AND($K22="Đang làm",$P22>0),"Bước trước chưa xong",IF(AND($J22<>"",N($J22)-TODAY()<=3),"Sắp đến hạn",IF($K22="Đang làm","Đang làm","Chưa bắt đầu")))))))) -> Chưa bắt đầu | O22: =IF(AND($B22<>"",$K22<>"Hoàn thành",$K22<>"Không áp dụng",$J22<>""),IF($J22<TODAY(),1,0),0) -> 0 | P22: =IF(AND($B22<>"",$C22<>"",N($C22)>1),COUNTIFS(Task!$A$5:$A$404,$A22,Task!$C$5:$C$404,N($C22)-1,Task!$K$5:$K$404,"<>Hoàn thành",Task!$K$5:$K$404,"<>Không áp dụng"),0) -> 3
A23: Partner mẫu A (ví dụ – xoá/ghi đè) | B23: 5.3 | C23: =IF($B23="","",IFERROR(INDEX('Mẫu task'!$B$5:$B$64,MATCH($B23,'Mẫu task'!$A$5:$A$64,0)),"")) -> 5 | D23: =IF($C23="","",IFERROR(INDEX('Quy trình'!$B$5:$B$12,MATCH($C23,'Quy trình'!$A$5:$A$12,0)),"")) -> Tech meeting | E23: =IF($B23="","",IFERROR(INDEX('Mẫu task'!$D$5:$D$64,MATCH($B23,'Mẫu task'!$A$5:$A$64,0)),"")) -> Tổ chức tech meeting | F23: =IF($B23="","",IFERROR(INDEX('Mẫu task'!$E$5:$E$64,MATCH($B23,'Mẫu task'!$A$5:$A$64,0)),"")) -> Hồ sơ bước 4; checklist 5.1 | G23: Tech | I23: =IF($B23="","",IFERROR(INDEX('Mẫu task'!$H$5:$H$64,MATCH($B23,'Mẫu task'!$A$5:$A$64,0)),"")) -> 3 | J23: =IF(OR($H23="",$I23=""),"",$H23+$I23) | K23: Chưa bắt đầu | M23: =IF($B23="","",IF($K23="Hoàn thành","Xong",IF($K23="Không áp dụng","—",IF($K23="Bị chặn","Bị chặn",IF($O23=1,"TRỄ "&(TODAY()-$J23)&" ngày",IF(AND($K23="Đang làm",$P23>0),"Bước trước chưa xong",IF(AND($J23<>"",N($J23)-TODAY()<=3),"Sắp đến hạn",IF($K23="Đang làm","Đang làm","Chưa bắt đầu")))))))) -> Chưa bắt đầu | O23: =IF(AND($B23<>"",$K23<>"Hoàn thành",$K23<>"Không áp dụng",$J23<>""),IF($J23<TODAY(),1,0),0) -> 0 | P23: =IF(AND($B23<>"",$C23<>"",N($C23)>1),COUNTIFS(Task!$A$5:$A$404,$A23,Task!$C$5:$C$404,N($C23)-1,Task!$K$5:$K$404,"<>Hoàn thành",Task!$K$5:$K$404,"<>Không áp dụng"),0) -> 3
A24: Partner mẫu A (ví dụ – xoá/ghi đè) | B24: 5.4 | C24: =IF($B24="","",IFERROR(INDEX('Mẫu task'!$B$5:$B$64,MATCH($B24,'Mẫu task'!$A$5:$A$64,0)),"")) -> 5 | D24: =IF($C24="","",IFERROR(INDEX('Quy trình'!$B$5:$B$12,MATCH($C24,'Quy trình'!$A$5:$A$12,0)),"")) -> Tech meeting | E24: =IF($B24="","",IFERROR(INDEX('Mẫu task'!$D$5:$D$64,MATCH($B24,'Mẫu task'!$A$5:$A$64,0)),"")) -> Chấm checklist và tổng hợp kết quả | F24: =IF($B24="","",IFERROR(INDEX('Mẫu task'!$E$5:$E$64,MATCH($B24,'Mẫu task'!$A$5:$A$64,0)),"")) -> Biên bản; điền sheet 'Chấm điểm' | G24: Tech | I24: =IF($B24="","",IFERROR(INDEX('Mẫu task'!$H$5:$H$64,MATCH($B24,'Mẫu task'!$A$5:$A$64,0)),"")) -> 2 | J24: =IF(OR($H24="",$I24=""),"",$H24+$I24) | K24: Chưa bắt đầu | M24: =IF($B24="","",IF($K24="Hoàn thành","Xong",IF($K24="Không áp dụng","—",IF($K24="Bị chặn","Bị chặn",IF($O24=1,"TRỄ "&(TODAY()-$J24)&" ngày",IF(AND($K24="Đang làm",$P24>0),"Bước trước chưa xong",IF(AND($J24<>"",N($J24)-TODAY()<=3),"Sắp đến hạn",IF($K24="Đang làm","Đang làm","Chưa bắt đầu")))))))) -> Chưa bắt đầu | O24: =IF(AND($B24<>"",$K24<>"Hoàn thành",$K24<>"Không áp dụng",$J24<>""),IF($J24<TODAY(),1,0),0) -> 0 | P24: =IF(AND($B24<>"",$C24<>"",N($C24)>1),COUNTIFS(Task!$A$5:$A$404,$A24,Task!$C$5:$C$404,N($C24)-1,Task!$K$5:$K$404,"<>Hoàn thành",Task!$K$5:$K$404,"<>Không áp dụng"),0) -> 3
A25: Partner mẫu A (ví dụ – xoá/ghi đè) | B25: 5.5 | C25: =IF($B25="","",IFERROR(INDEX('Mẫu task'!$B$5:$B$64,MATCH($B25,'Mẫu task'!$A$5:$A$64,0)),"")) -> 5 | D25: =IF($C25="","",IFERROR(INDEX('Quy trình'!$B$5:$B$12,MATCH($C25,'Quy trình'!$A$5:$A$12,0)),"")) -> Tech meeting | E25: =IF($B25="","",IFERROR(INDEX('Mẫu task'!$D$5:$D$64,MATCH($B25,'Mẫu task'!$A$5:$A$64,0)),"")) -> Kết luận OK / không OK | F25: =IF($B25="","",IFERROR(INDEX('Mẫu task'!$E$5:$E$64,MATCH($B25,'Mẫu task'!$A$5:$A$64,0)),"")) -> Điểm tổng hợp | G25: Tech | I25: =IF($B25="","",IFERROR(INDEX('Mẫu task'!$H$5:$H$64,MATCH($B25,'Mẫu task'!$A$5:$A$64,0)),"")) -> 2 | J25: =IF(OR($H25="",$I25=""),"",$H25+$I25) | K25: Chưa bắt đầu | M25: =IF($B25="","",IF($K25="Hoàn thành","Xong",IF($K25="Không áp dụng","—",IF($K25="Bị chặn","Bị chặn",IF($O25=1,"TRỄ "&(TODAY()-$J25)&" ngày",IF(AND($K25="Đang làm",$P25>0),"Bước trước chưa xong",IF(AND($J25<>"",N($J25)-TODAY()<=3),"Sắp đến hạn",IF($K25="Đang làm","Đang làm","Chưa bắt đầu")))))))) -> Chưa bắt đầu | O25: =IF(AND($B25<>"",$K25<>"Hoàn thành",$K25<>"Không áp dụng",$J25<>""),IF($J25<TODAY(),1,0),0) -> 0 | P25: =IF(AND($B25<>"",$C25<>"",N($C25)>1),COUNTIFS(Task!$A$5:$A$404,$A25,Task!$C$5:$C$404,N($C25)-1,Task!$K$5:$K$404,"<>Hoàn thành",Task!$K$5:$K$404,"<>Không áp dụng"),0) -> 3
A26: Partner mẫu A (ví dụ – xoá/ghi đè) | B26: 6.1 | C26: =IF($B26="","",IFERROR(INDEX('Mẫu task'!$B$5:$B$64,MATCH($B26,'Mẫu task'!$A$5:$A$64,0)),"")) -> 6 | D26: =IF($C26="","",IFERROR(INDEX('Quy trình'!$B$5:$B$12,MATCH($C26,'Quy trình'!$A$5:$A$12,0)),"")) -> Quyết định / duyệt (giả định) | E26: =IF($B26="","",IFERROR(INDEX('Mẫu task'!$D$5:$D$64,MATCH($B26,'Mẫu task'!$A$5:$A$64,0)),"")) -> Trình duyệt nội bộ (go / no-go) | F26: =IF($B26="","",IFERROR(INDEX('Mẫu task'!$E$5:$E$64,MATCH($B26,'Mẫu task'!$A$5:$A$64,0)),"")) -> Kết quả tech meeting | G26: BD | I26: =IF($B26="","",IFERROR(INDEX('Mẫu task'!$H$5:$H$64,MATCH($B26,'Mẫu task'!$A$5:$A$64,0)),"")) -> 5 | J26: =IF(OR($H26="",$I26=""),"",$H26+$I26) | K26: Chưa bắt đầu | M26: =IF($B26="","",IF($K26="Hoàn thành","Xong",IF($K26="Không áp dụng","—",IF($K26="Bị chặn","Bị chặn",IF($O26=1,"TRỄ "&(TODAY()-$J26)&" ngày",IF(AND($K26="Đang làm",$P26>0),"Bước trước chưa xong",IF(AND($J26<>"",N($J26)-TODAY()<=3),"Sắp đến hạn",IF($K26="Đang làm","Đang làm","Chưa bắt đầu")))))))) -> Chưa bắt đầu | O26: =IF(AND($B26<>"",$K26<>"Hoàn thành",$K26<>"Không áp dụng",$J26<>""),IF($J26<TODAY(),1,0),0) -> 0 | P26: =IF(AND($B26<>"",$C26<>"",N($C26)>1),COUNTIFS(Task!$A$5:$A$404,$A26,Task!$C$5:$C$404,N($C26)-1,Task!$K$5:$K$404,"<>Hoàn thành",Task!$K$5:$K$404,"<>Không áp dụng"),0) -> 5
A27: Partner mẫu A (ví dụ – xoá/ghi đè) | B27: 6.2 | C27: =IF($B27="","",IFERROR(INDEX('Mẫu task'!$B$5:$B$64,MATCH($B27,'Mẫu task'!$A$5:$A$64,0)),"")) -> 6 | D27: =IF($C27="","",IFERROR(INDEX('Quy trình'!$B$5:$B$12,MATCH($C27,'Quy trình'!$A$5:$A$12,0)),"")) -> Quyết định / duyệt (giả định) | E27: =IF($B27="","",IFERROR(INDEX('Mẫu task'!$D$5:$D$64,MATCH($B27,'Mẫu task'!$A$5:$A$64,0)),"")) -> Thông báo kết quả cho partner | F27: =IF($B27="","",IFERROR(INDEX('Mẫu task'!$E$5:$E$64,MATCH($B27,'Mẫu task'!$A$5:$A$64,0)),"")) -> Quyết định 6.1 | G27: BD | I27: =IF($B27="","",IFERROR(INDEX('Mẫu task'!$H$5:$H$64,MATCH($B27,'Mẫu task'!$A$5:$A$64,0)),"")) -> 2 | J27: =IF(OR($H27="",$I27=""),"",$H27+$I27) | K27: Chưa bắt đầu | M27: =IF($B27="","",IF($K27="Hoàn thành","Xong",IF($K27="Không áp dụng","—",IF($K27="Bị chặn","Bị chặn",IF($O27=1,"TRỄ "&(TODAY()-$J27)&" ngày",IF(AND($K27="Đang làm",$P27>0),"Bước trước chưa xong",IF(AND($J27<>"",N($J27)-TODAY()<=3),"Sắp đến hạn",IF($K27="Đang làm","Đang làm","Chưa bắt đầu")))))))) -> Chưa bắt đầu | O27: =IF(AND($B27<>"",$K27<>"Hoàn thành",$K27<>"Không áp dụng",$J27<>""),IF($J27<TODAY(),1,0),0) -> 0 | P27: =IF(AND($B27<>"",$C27<>"",N($C27)>1),COUNTIFS(Task!$A$5:$A$404,$A27,Task!$C$5:$C$404,N($C27)-1,Task!$K$5:$K$404,"<>Hoàn thành",Task!$K$5:$K$404,"<>Không áp dụng"),0) -> 5
A28: Partner mẫu A (ví dụ – xoá/ghi đè) | B28: 7.1 | C28: =IF($B28="","",IFERROR(INDEX('Mẫu task'!$B$5:$B$64,MATCH($B28,'Mẫu task'!$A$5:$A$64,0)),"")) -> 7 | D28: =IF($C28="","",IFERROR(INDEX('Quy trình'!$B$5:$B$12,MATCH($C28,'Quy trình'!$A$5:$A$12,0)),"")) -> MOA | E28: =IF($B28="","",IFERROR(INDEX('Mẫu task'!$D$5:$D$64,MATCH($B28,'Mẫu task'!$A$5:$A$64,0)),"")) -> Chốt mô hình hợp tác và tài chính | F28: =IF($B28="","",IFERROR(INDEX('Mẫu task'!$E$5:$E$64,MATCH($B28,'Mẫu task'!$A$5:$A$64,0)),"")) -> Price policy; collaboration model; chính sách giá VNW | G28: BD | I28: =IF($B28="","",IFERROR(INDEX('Mẫu task'!$H$5:$H$64,MATCH($B28,'Mẫu task'!$A$5:$A$64,0)),"")) -> 7 | J28: =IF(OR($H28="",$I28=""),"",$H28+$I28) | K28: Chưa bắt đầu | M28: =IF($B28="","",IF($K28="Hoàn thành","Xong",IF($K28="Không áp dụng","—",IF($K28="Bị chặn","Bị chặn",IF($O28=1,"TRỄ "&(TODAY()-$J28)&" ngày",IF(AND($K28="Đang làm",$P28>0),"Bước trước chưa xong",IF(AND($J28<>"",N($J28)-TODAY()<=3),"Sắp đến hạn",IF($K28="Đang làm","Đang làm","Chưa bắt đầu")))))))) -> Chưa bắt đầu | O28: =IF(AND($B28<>"",$K28<>"Hoàn thành",$K28<>"Không áp dụng",$J28<>""),IF($J28<TODAY(),1,0),0) -> 0 | P28: =IF(AND($B28<>"",$C28<>"",N($C28)>1),COUNTIFS(Task!$A$5:$A$404,$A28,Task!$C$5:$C$404,N($C28)-1,Task!$K$5:$K$404,"<>Hoàn thành",Task!$K$5:$K$404,"<>Không áp dụng"),0) -> 2
A29: Partner mẫu A (ví dụ – xoá/ghi đè) | B29: 7.2 | C29: =IF($B29="","",IFERROR(INDEX('Mẫu task'!$B$5:$B$64,MATCH($B29,'Mẫu task'!$A$5:$A$64,0)),"")) -> 7 | D29: =IF($C29="","",IFERROR(INDEX('Quy trình'!$B$5:$B$12,MATCH($C29,'Quy trình'!$A$5:$A$12,0)),"")) -> MOA | E29: =IF($B29="","",IFERROR(INDEX('Mẫu task'!$D$5:$D$64,MATCH($B29,'Mẫu task'!$A$5:$A$64,0)),"")) -> Soạn dự thảo MOA | F29: =IF($B29="","",IFERROR(INDEX('Mẫu task'!$E$5:$E$64,MATCH($B29,'Mẫu task'!$A$5:$A$64,0)),"")) -> Mô hình 7.1 | G29: Pháp chế | I29: =IF($B29="","",IFERROR(INDEX('Mẫu task'!$H$5:$H$64,MATCH($B29,'Mẫu task'!$A$5:$A$64,0)),"")) -> 5 | J29: =IF(OR($H29="",$I29=""),"",$H29+$I29) | K29: Chưa bắt đầu | M29: =IF($B29="","",IF($K29="Hoàn thành","Xong",IF($K29="Không áp dụng","—",IF($K29="Bị chặn","Bị chặn",IF($O29=1,"TRỄ "&(TODAY()-$J29)&" ngày",IF(AND($K29="Đang làm",$P29>0),"Bước trước chưa xong",IF(AND($J29<>"",N($J29)-TODAY()<=3),"Sắp đến hạn",IF($K29="Đang làm","Đang làm","Chưa bắt đầu")))))))) -> Chưa bắt đầu | O29: =IF(AND($B29<>"",$K29<>"Hoàn thành",$K29<>"Không áp dụng",$J29<>""),IF($J29<TODAY(),1,0),0) -> 0 | P29: =IF(AND($B29<>"",$C29<>"",N($C29)>1),COUNTIFS(Task!$A$5:$A$404,$A29,Task!$C$5:$C$404,N($C29)-1,Task!$K$5:$K$404,"<>Hoàn thành",Task!$K$5:$K$404,"<>Không áp dụng"),0) -> 2
A30: Partner mẫu A (ví dụ – xoá/ghi đè) | B30: 7.3 | C30: =IF($B30="","",IFERROR(INDEX('Mẫu task'!$B$5:$B$64,MATCH($B30,'Mẫu task'!$A$5:$A$64,0)),"")) -> 7 | D30: =IF($C30="","",IFERROR(INDEX('Quy trình'!$B$5:$B$12,MATCH($C30,'Quy trình'!$A$5:$A$12,0)),"")) -> MOA | E30: =IF($B30="","",IFERROR(INDEX('Mẫu task'!$D$5:$D$64,MATCH($B30,'Mẫu task'!$A$5:$A$64,0)),"")) -> Pháp chế rà soát MOA | F30: =IF($B30="","",IFERROR(INDEX('Mẫu task'!$E$5:$E$64,MATCH($B30,'Mẫu task'!$A$5:$A$64,0)),"")) -> Dự thảo MOA | G30: Pháp chế | I30: =IF($B30="","",IFERROR(INDEX('Mẫu task'!$H$5:$H$64,MATCH($B30,'Mẫu task'!$A$5:$A$64,0)),"")) -> 5 | J30: =IF(OR($H30="",$I30=""),"",$H30+$I30) | K30: Chưa bắt đầu | M30: =IF($B30="","",IF($K30="Hoàn thành","Xong",IF($K30="Không áp dụng","—",IF($K30="Bị chặn","Bị chặn",IF($O30=1,"TRỄ "&(TODAY()-$J30)&" ngày",IF(AND($K30="Đang làm",$P30>0),"Bước trước chưa xong",IF(AND($J30<>"",N($J30)-TODAY()<=3),"Sắp đến hạn",IF($K30="Đang làm","Đang làm","Chưa bắt đầu")))))))) -> Chưa bắt đầu | O30: =IF(AND($B30<>"",$K30<>"Hoàn thành",$K30<>"Không áp dụng",$J30<>""),IF($J30<TODAY(),1,0),0) -> 0 | P30: =IF(AND($B30<>"",$C30<>"",N($C30)>1),COUNTIFS(Task!$A$5:$A$404,$A30,Task!$C$5:$C$404,N($C30)-1,Task!$K$5:$K$404,"<>Hoàn thành",Task!$K$5:$K$404,"<>Không áp dụng"),0) -> 2
... A38: Partner mẫu A (ví dụ – xoá/ghi đè) | B38: 8.7 | C38: =IF($B38="","",IFERROR(INDEX('Mẫu task'!$B$5:$B$64,MATCH($B38,'Mẫu task'!$A$5:$A$64,0)),"")) -> 8 | D38: =IF($C38="","",IFERROR(INDEX('Quy trình'!$B$5:$B$12,MATCH($C38,'Quy trình'!$A$5:$A$12,0)),"")) -> Sau ký: vận hành liên tục | E38: =IF($B38="","",IFERROR(INDEX('Mẫu task'!$D$5:$D$64,MATCH($B38,'Mẫu task'!$A$5:$A$64,0)),"")) -> Thiết lập vận hành và đồng bộ định kỳ | F38: =IF($B38="","",IFERROR(INDEX('Mẫu task'!$E$5:$E$64,MATCH($B38,'Mẫu task'!$A$5:$A$64,0)),"")) -> Lịch họp, đầu mối hai bên | G38: BD | I38: =IF($B38="","",IFERROR(INDEX('Mẫu task'!$H$5:$H$64,MATCH($B38,'Mẫu task'!$A$5:$A$64,0)),"")) -> 7 | J38: =IF(OR($H38="",$I38=""),"",$H38+$I38) | K38: Chưa bắt đầu | M38: =IF($B38="","",IF($K38="Hoàn thành","Xong",IF($K38="Không áp dụng","—",IF($K38="Bị chặn","Bị chặn",IF($O38=1,"TRỄ "&(TODAY()-$J38)&" ngày",IF(AND($K38="Đang làm",$P38>0),"Bước trước chưa xong",IF(AND($J38<>"",N($J38)-TODAY()<=3),"Sắp đến hạn",IF($K38="Đang làm","Đang làm","Chưa bắt đầu")))))))) -> Chưa bắt đầu | O38: =IF(AND($B38<>"",$K38<>"Hoàn thành",$K38<>"Không áp dụng",$J38<>""),IF($J38<TODAY(),1,0),0) -> 0 | P38: =IF(AND($B38<>"",$C38<>"",N($C38)>1),COUNTIFS(Task!$A$5:$A$404,$A38,Task!$C$5:$C$404,N($C38)-1,Task!$K$5:$K$404,"<>Hoàn thành",Task!$K$5:$K$404,"<>Không áp dụng"),0) -> 4
A39: Partner mẫu B (ví dụ – xoá/ghi đè) | B39: 1.1 | C39: =IF($B39="","",IFERROR(INDEX('Mẫu task'!$B$5:$B$64,MATCH($B39,'Mẫu task'!$A$5:$A$64,0)),"")) -> 1 | D39: =IF($C39="","",IFERROR(INDEX('Quy trình'!$B$5:$B$12,MATCH($C39,'Quy trình'!$A$5:$A$12,0)),"")) -> Sourcing | E39: =IF($B39="","",IFERROR(INDEX('Mẫu task'!$D$5:$D$64,MATCH($B39,'Mẫu task'!$A$5:$A$64,0)),"")) -> Chốt bộ tiêu chí chọn partner (đang là dấu ? trên bảng) | F39: =IF($B39="","",IFERROR(INDEX('Mẫu task'!$E$5:$E$64,MATCH($B39,'Mẫu task'!$A$5:$A$64,0)),"")) -> Mục tiêu hợp tác; danh mục sản phẩm VNW cần bổ sung | G39: BD | H39: 46279 | I39: =IF($B39="","",IFERROR(INDEX('Mẫu task'!$H$5:$H$64,MATCH($B39,'Mẫu task'!$A$5:$A$64,0)),"")) -> 5 | J39: =IF(OR($H39="",$I39=""),"",$H39+$I39) -> 46284 | K39: Hoàn thành | L39: 46283 | M39: =IF($B39="","",IF($K39="Hoàn thành","Xong",IF($K39="Không áp dụng","—",IF($K39="Bị chặn","Bị chặn",IF($O39=1,"TRỄ "&(TODAY()-$J39)&" ngày",IF(AND($K39="Đang làm",$P39>0),"Bước trước chưa xong",IF(AND($J39<>"",N($J39)-TODAY()<=3),"Sắp đến hạn",IF($K39="Đang làm","Đang làm","Chưa bắt đầu")))))))) -> Xong | O39: =IF(AND($B39<>"",$K39<>"Hoàn thành",$K39<>"Không áp dụng",$J39<>""),IF($J39<TODAY(),1,0),0) -> 0 | P39: =IF(AND($B39<>"",$C39<>"",N($C39)>1),COUNTIFS(Task!$A$5:$A$404,$A39,Task!$C$5:$C$404,N($C39)-1,Task!$K$5:$K$404,"<>Hoàn thành",Task!$K$5:$K$404,"<>Không áp dụng"),0) -> 0
A40: Partner mẫu B (ví dụ – xoá/ghi đè) | B40: 1.2 | C40: =IF($B40="","",IFERROR(INDEX('Mẫu task'!$B$5:$B$64,MATCH($B40,'Mẫu task'!$A$5:$A$64,0)),"")) -> 1 | D40: =IF($C40="","",IFERROR(INDEX('Quy trình'!$B$5:$B$12,MATCH($C40,'Quy trình'!$A$5:$A$12,0)),"")) -> Sourcing | E40: =IF($B40="","",IFERROR(INDEX('Mẫu task'!$D$5:$D$64,MATCH($B40,'Mẫu task'!$A$5:$A$64,0)),"")) -> Lập danh sách nguồn tìm partner | F40: =IF($B40="","",IFERROR(INDEX('Mẫu task'!$E$5:$E$64,MATCH($B40,'Mẫu task'!$A$5:$A$64,0)),"")) -> Các kênh: giới thiệu, vendor, sự kiện, thị trường | G40: BD | H40: 46284 | I40: =IF($B40="","",IFERROR(INDEX('Mẫu task'!$H$5:$H$64,MATCH($B40,'Mẫu task'!$A$5:$A$64,0)),"")) -> 3 | J40: =IF(OR($H40="",$I40=""),"",$H40+$I40) -> 46287 | K40: Hoàn thành | L40: 46286 | M40: =IF($B40="","",IF($K40="Hoàn thành","Xong",IF($K40="Không áp dụng","—",IF($K40="Bị chặn","Bị chặn",IF($O40=1,"TRỄ "&(TODAY()-$J40)&" ngày",IF(AND($K40="Đang làm",$P40>0),"Bước trước chưa xong",IF(AND($J40<>"",N($J40)-TODAY()<=3),"Sắp đến hạn",IF($K40="Đang làm","Đang làm","Chưa bắt đầu")))))))) -> Xong | O40: =IF(AND($B40<>"",$K40<>"Hoàn thành",$K40<>"Không áp dụng",$J40<>""),IF($J40<TODAY(),1,0),0) -> 0 | P40: =IF(AND($B40<>"",$C40<>"",N($C40)>1),COUNTIFS(Task!$A$5:$A$404,$A40,Task!$C$5:$C$404,N($C40)-1,Task!$K$5:$K$404,"<>Hoàn thành",Task!$K$5:$K$404,"<>Không áp dụng"),0) -> 0
A41: Partner mẫu B (ví dụ – xoá/ghi đè) | B41: 1.3 | C41: =IF($B41="","",IFERROR(INDEX('Mẫu task'!$B$5:$B$64,MATCH($B41,'Mẫu task'!$A$5:$A$64,0)),"")) -> 1 | D41: =IF($C41="","",IFERROR(INDEX('Quy trình'!$B$5:$B$12,MATCH($C41,'Quy trình'!$A$5:$A$12,0)),"")) -> Sourcing | E41: =IF($B41="","",IFERROR(INDEX('Mẫu task'!$D$5:$D$64,MATCH($B41,'Mẫu task'!$A$5:$A$64,0)),"")) -> Lập long list và chấm sơ bộ theo tiêu chí | F41: =IF($B41="","",IFERROR(INDEX('Mẫu task'!$E$5:$E$64,MATCH($B41,'Mẫu task'!$A$5:$A$64,0)),"")) -> Bộ tiêu chí 1.1; danh sách nguồn 1.2 | G41: BD | H41: 46287 | I41: =IF($B41="","",IFERROR(INDEX('Mẫu task'!$H$5:$H$64,MATCH($B41,'Mẫu task'!$A$5:$A$64,0)),"")) -> 7 | J41: =IF(OR($H41="",$I41=""),"",$H41+$I41) -> 46294 | K41: Hoàn thành | L41: 46293 | M41: =IF($B41="","",IF($K41="Hoàn thành","Xong",IF($K41="Không áp dụng","—",IF($K41="Bị chặn","Bị chặn",IF($O41=1,"TRỄ "&(TODAY()-$J41)&" ngày",IF(AND($K41="Đang làm",$P41>0),"Bước trước chưa xong",IF(AND($J41<>"",N($J41)-TODAY()<=3),"Sắp đến hạn",IF($K41="Đang làm","Đang làm","Chưa bắt đầu")))))))) -> Xong | O41: =IF(AND($B41<>"",$K41<>"Hoàn thành",$K41<>"Không áp dụng",$J41<>""),IF($J41<TODAY(),1,0),0) -> 0 | P41: =IF(AND($B41<>"",$C41<>"",N($C41)>1),COUNTIFS(Task!$A$5:$A$404,$A41,Task!$C$5:$C$404,N($C41)-1,Task!$K$5:$K$404,"<>Hoàn thành",Task!$K$5:$K$404,"<>Không áp dụng"),0) -> 0
A42: Partner mẫu B (ví dụ – xoá/ghi đè) | B42: 1.4 | C42: =IF($B42="","",IFERROR(INDEX('Mẫu task'!$B$5:$B$64,MATCH($B42,'Mẫu task'!$A$5:$A$64,0)),"")) -> 1 | D42: =IF($C42="","",IFERROR(INDEX('Quy trình'!$B$5:$B$12,MATCH($C42,'Quy trình'!$A$5:$A$12,0)),"")) -> Sourcing | E42: =IF($B42="","",IFERROR(INDEX('Mẫu task'!$D$5:$D$64,MATCH($B42,'Mẫu task'!$A$5:$A$64,0)),"")) -> Chốt short list partner 'A' | F42: =IF($B42="","",IFERROR(INDEX('Mẫu task'!$E$5:$E$64,MATCH($B42,'Mẫu task'!$A$5:$A$64,0)),"")) -> Long list có điểm | G42: BD | H42: 46294 | I42: =IF($B42="","",IFERROR(INDEX('Mẫu task'!$H$5:$H$64,MATCH($B42,'Mẫu task'!$A$5:$A$64,0)),"")) -> 2 | J42: =IF(OR($H42="",$I42=""),"",$H42+$I42) -> 46296 | K42: Hoàn thành | L42: 46295 | M42: =IF($B42="","",IF($K42="Hoàn thành","Xong",IF($K42="Không áp dụng","—",IF($K42="Bị chặn","Bị chặn",IF($O42=1,"TRỄ "&(TODAY()-$J42)&" ngày",IF(AND($K42="Đang làm",$P42>0),"Bước trước chưa xong",IF(AND($J42<>"",N($J42)-TODAY()<=3),"Sắp đến hạn",IF($K42="Đang làm","Đang làm","Chưa bắt đầu")))))))) -> Xong | O42: =IF(AND($B42<>"",$K42<>"Hoàn thành",$K42<>"Không áp dụng",$J42<>""),IF($J42<TODAY(),1,0),0) -> 0 | P42: =IF(AND($B42<>"",$C42<>"",N($C42)>1),COUNTIFS(Task!$A$5:$A$404,$A42,Task!$C$5:$C$404,N($C42)-1,Task!$K$5:$K$404,"<>Hoàn thành",Task!$K$5:$K$404,"<>Không áp dụng"),0) -> 0
A43: Partner mẫu B (ví dụ – xoá/ghi đè) | B43: 2.1 | C43: =IF($B43="","",IFERROR(INDEX('Mẫu task'!$B$5:$B$64,MATCH($B43,'Mẫu task'!$A$5:$A$64,0)),"")) -> 2 | D43: =IF($C43="","",IFERROR(INDEX('Quy trình'!$B$5:$B$12,MATCH($C43,'Quy trình'!$A$5:$A$12,0)),"")) -> Approach | E43: =IF($B43="","",IFERROR(INDEX('Mẫu task'!$D$5:$D$64,MATCH($B43,'Mẫu task'!$A$5:$A$64,0)),"")) -> Chuẩn bị presentation (công ty, VTF, đề xuất hợp tác) | F43: =IF($B43="","",IFERROR(INDEX('Mẫu task'!$E$5:$E$64,MATCH($B43,'Mẫu task'!$A$5:$A$64,0)),"")) -> Deck giới thiệu công ty và VTF; proposal giải pháp | G43: BD | H43: 46323 | I43: =IF($B43="","",IFERROR(INDEX('Mẫu task'!$H$5:$H$64,MATCH($B43,'Mẫu task'!$A$5:$A$64,0)),"")) -> 5 | J43: =IF(OR($H43="",$I43=""),"",$H43+$I43) -> 46328 | K43: Đang làm | M43: =IF($B43="","",IF($K43="Hoàn thành","Xong",IF($K43="Không áp dụng","—",IF($K43="Bị chặn","Bị chặn",IF($O43=1,"TRỄ "&(TODAY()-$J43)&" ngày",IF(AND($K43="Đang làm",$P43>0),"Bước trước chưa xong",IF(AND($J43<>"",N($J43)-TODAY()<=3),"Sắp đến hạn",IF($K43="Đang làm","Đang làm","Chưa bắt đầu")))))))) -> Sắp đến hạn | O43: =IF(AND($B43<>"",$K43<>"Hoàn thành",$K43<>"Không áp dụng",$J43<>""),IF($J43<TODAY(),1,0),0) -> 0 | P43: =IF(AND($B43<>"",$C43<>"",N($C43)>1),COUNTIFS(Task!$A$5:$A$404,$A43,Task!$C$5:$C$404,N($C43)-1,Task!$K$5:$K$404,"<>Hoàn thành",Task!$K$5:$K$404,"<>Không áp dụng"),0) -> 0
A44: Partner mẫu B (ví dụ – xoá/ghi đè) | B44: 2.2 | C44: =IF($B44="","",IFERROR(INDEX('Mẫu task'!$B$5:$B$64,MATCH($B44,'Mẫu task'!$A$5:$A$64,0)),"")) -> 2 | D44: =IF($C44="","",IFERROR(INDEX('Quy trình'!$B$5:$B$12,MATCH($C44,'Quy trình'!$A$5:$A$12,0)),"")) -> Approach | E44: =IF($B44="","",IFERROR(INDEX('Mẫu task'!$D$5:$D$64,MATCH($B44,'Mẫu task'!$A$5:$A$64,0)),"")) -> Liên hệ đầu mối partner và đặt lịch | F44: =IF($B44="","",IFERROR(INDEX('Mẫu task'!$E$5:$E$64,MATCH($B44,'Mẫu task'!$A$5:$A$64,0)),"")) -> Thông tin đầu mối phía partner | G44: BD | H44: 46323 | I44: =IF($B44="","",IFERROR(INDEX('Mẫu task'!$H$5:$H$64,MATCH($B44,'Mẫu task'!$A$5:$A$64,0)),"")) -> 3 | J44: =IF(OR($H44="",$I44=""),"",$H44+$I44) -> 46326 | K44: Bị chặn | M44: =IF($B44="","",IF($K44="Hoàn thành","Xong",IF($K44="Không áp dụng","—",IF($K44="Bị chặn","Bị chặn",IF($O44=1,"TRỄ "&(TODAY()-$J44)&" ngày",IF(AND($K44="Đang làm",$P44>0),"Bước trước chưa xong",IF(AND($J44<>"",N($J44)-TODAY()<=3),"Sắp đến hạn",IF($K44="Đang làm","Đang làm","Chưa bắt đầu")))))))) -> Bị chặn | O44: =IF(AND($B44<>"",$K44<>"Hoàn thành",$K44<>"Không áp dụng",$J44<>""),IF($J44<TODAY(),1,0),0) -> 0 | P44: =IF(AND($B44<>"",$C44<>"",N($C44)>1),COUNTIFS(Task!$A$5:$A$404,$A44,Task!$C$5:$C$404,N($C44)-1,Task!$K$5:$K$404,"<>Hoàn thành",Task!$K$5:$K$404,"<>Không áp dụng"),0) -> 0
C45: =IF($B45="","",IFERROR(INDEX('Mẫu task'!$B$5:$B$64,MATCH($B45,'Mẫu task'!$A$5:$A$64,0)),"")) | D45: =IF($C45="","",IFERROR(INDEX('Quy trình'!$B$5:$B$12,MATCH($C45,'Quy trình'!$A$5:$A$12,0)),"")) | E45: =IF($B45="","",IFERROR(INDEX('Mẫu task'!$D$5:$D$64,MATCH($B45,'Mẫu task'!$A$5:$A$64,0)),"")) | F45: =IF($B45="","",IFERROR(INDEX('Mẫu task'!$E$5:$E$64,MATCH($B45,'Mẫu task'!$A$5:$A$64,0)),"")) | I45: =IF($B45="","",IFERROR(INDEX('Mẫu task'!$H$5:$H$64,MATCH($B45,'Mẫu task'!$A$5:$A$64,0)),"")) | J45: =IF(OR($H45="",$I45=""),"",$H45+$I45) | M45: =IF($B45="","",IF($K45="Hoàn thành","Xong",IF($K45="Không áp dụng","—",IF($K45="Bị chặn","Bị chặn",IF($O45=1,"TRỄ "&(TODAY()-$J45)&" ngày",IF(AND($K45="Đang làm",$P45>0),"Bước trước chưa xong",IF(AND($J45<>"",N($J45)-TODAY()<=3),"Sắp đến hạn",IF($K45="Đang làm","Đang làm","Chưa bắt đầu")))))))) | O45: =IF(AND($B45<>"",$K45<>"Hoàn thành",$K45<>"Không áp dụng",$J45<>""),IF($J45<TODAY(),1,0),0) -> 0 | P45: =IF(AND($B45<>"",$C45<>"",N($C45)>1),COUNTIFS(Task!$A$5:$A$404,$A45,Task!$C$5:$C$404,N($C45)-1,Task!$K$5:$K$404,"<>Hoàn thành",Task!$K$5:$K$404,"<>Không áp dụng"),0) -> 0
C46: =IF($B46="","",IFERROR(INDEX('Mẫu task'!$B$5:$B$64,MATCH($B46,'Mẫu task'!$A$5:$A$64,0)),"")) | D46: =IF($C46="","",IFERROR(INDEX('Quy trình'!$B$5:$B$12,MATCH($C46,'Quy trình'!$A$5:$A$12,0)),"")) | E46: =IF($B46="","",IFERROR(INDEX('Mẫu task'!$D$5:$D$64,MATCH($B46,'Mẫu task'!$A$5:$A$64,0)),"")) | F46: =IF($B46="","",IFERROR(INDEX('Mẫu task'!$E$5:$E$64,MATCH($B46,'Mẫu task'!$A$5:$A$64,0)),"")) | I46: =IF($B46="","",IFERROR(INDEX('Mẫu task'!$H$5:$H$64,MATCH($B46,'Mẫu task'!$A$5:$A$64,0)),"")) | J46: =IF(OR($H46="",$I46=""),"",$H46+$I46) | M46: =IF($B46="","",IF($K46="Hoàn thành","Xong",IF($K46="Không áp dụng","—",IF($K46="Bị chặn","Bị chặn",IF($O46=1,"TRỄ "&(TODAY()-$J46)&" ngày",IF(AND($K46="Đang làm",$P46>0),"Bước trước chưa xong",IF(AND($J46<>"",N($J46)-TODAY()<=3),"Sắp đến hạn",IF($K46="Đang làm","Đang làm","Chưa bắt đầu")))))))) | O46: =IF(AND($B46<>"",$K46<>"Hoàn thành",$K46<>"Không áp dụng",$J46<>""),IF($J46<TODAY(),1,0),0) -> 0 | P46: =IF(AND($B46<>"",$C46<>"",N($C46)>1),COUNTIFS(Task!$A$5:$A$404,$A46,Task!$C$5:$C$404,N($C46)-1,Task!$K$5:$K$404,"<>Hoàn thành",Task!$K$5:$K$404,"<>Không áp dụng"),0) -> 0
C47: =IF($B47="","",IFERROR(INDEX('Mẫu task'!$B$5:$B$64,MATCH($B47,'Mẫu task'!$A$5:$A$64,0)),"")) | D47: =IF($C47="","",IFERROR(INDEX('Quy trình'!$B$5:$B$12,MATCH($C47,'Quy trình'!$A$5:$A$12,0)),"")) | E47: =IF($B47="","",IFERROR(INDEX('Mẫu task'!$D$5:$D$64,MATCH($B47,'Mẫu task'!$A$5:$A$64,0)),"")) | F47: =IF($B47="","",IFERROR(INDEX('Mẫu task'!$E$5:$E$64,MATCH($B47,'Mẫu task'!$A$5:$A$64,0)),"")) | I47: =IF($B47="","",IFERROR(INDEX('Mẫu task'!$H$5:$H$64,MATCH($B47,'Mẫu task'!$A$5:$A$64,0)),"")) | J47: =IF(OR($H47="",$I47=""),"",$H47+$I47) | M47: =IF($B47="","",IF($K47="Hoàn thành","Xong",IF($K47="Không áp dụng","—",IF($K47="Bị chặn","Bị chặn",IF($O47=1,"TRỄ "&(TODAY()-$J47)&" ngày",IF(AND($K47="Đang làm",$P47>0),"Bước trước chưa xong",IF(AND($J47<>"",N($J47)-TODAY()<=3),"Sắp đến hạn",IF($K47="Đang làm","Đang làm","Chưa bắt đầu")))))))) | O47: =IF(AND($B47<>"",$K47<>"Hoàn thành",$K47<>"Không áp dụng",$J47<>""),IF($J47<TODAY(),1,0),0) -> 0 | P47: =IF(AND($B47<>"",$C47<>"",N($C47)>1),COUNTIFS(Task!$A$5:$A$404,$A47,Task!$C$5:$C$404,N($C47)-1,Task!$K$5:$K$404,"<>Hoàn thành",Task!$K$5:$K$404,"<>Không áp dụng"),0) -> 0
C48: =IF($B48="","",IFERROR(INDEX('Mẫu task'!$B$5:$B$64,MATCH($B48,'Mẫu task'!$A$5:$A$64,0)),"")) | D48: =IF($C48="","",IFERROR(INDEX('Quy trình'!$B$5:$B$12,MATCH($C48,'Quy trình'!$A$5:$A$12,0)),"")) | E48: =IF($B48="","",IFERROR(INDEX('Mẫu task'!$D$5:$D$64,MATCH($B48,'Mẫu task'!$A$5:$A$64,0)),"")) | F48: =IF($B48="","",IFERROR(INDEX('Mẫu task'!$E$5:$E$64,MATCH($B48,'Mẫu task'!$A$5:$A$64,0)),"")) | I48: =IF($B48="","",IFERROR(INDEX('Mẫu task'!$H$5:$H$64,MATCH($B48,'Mẫu task'!$A$5:$A$64,0)),"")) | J48: =IF(OR($H48="",$I48=""),"",$H48+$I48) | M48: =IF($B48="","",IF($K48="Hoàn thành","Xong",IF($K48="Không áp dụng","—",IF($K48="Bị chặn","Bị chặn",IF($O48=1,"TRỄ "&(TODAY()-$J48)&" ngày",IF(AND($K48="Đang làm",$P48>0),"Bước trước chưa xong",IF(AND($J48<>"",N($J48)-TODAY()<=3),"Sắp đến hạn",IF($K48="Đang làm","Đang làm","Chưa bắt đầu")))))))) | O48: =IF(AND($B48<>"",$K48<>"Hoàn thành",$K48<>"Không áp dụng",$J48<>""),IF($J48<TODAY(),1,0),0) -> 0 | P48: =IF(AND($B48<>"",$C48<>"",N($C48)>1),COUNTIFS(Task!$A$5:$A$404,$A48,Task!$C$5:$C$404,N($C48)-1,Task!$K$5:$K$404,"<>Hoàn thành",Task!$K$5:$K$404,"<>Không áp dụng"),0) -> 0
C49: =IF($B49="","",IFERROR(INDEX('Mẫu task'!$B$5:$B$64,MATCH($B49,'Mẫu task'!$A$5:$A$64,0)),"")) | D49: =IF($C49="","",IFERROR(INDEX('Quy trình'!$B$5:$B$12,MATCH($C49,'Quy trình'!$A$5:$A$12,0)),"")) | E49: =IF($B49="","",IFERROR(INDEX('Mẫu task'!$D$5:$D$64,MATCH($B49,'Mẫu task'!$A$5:$A$64,0)),"")) | F49: =IF($B49="","",IFERROR(INDEX('Mẫu task'!$E$5:$E$64,MATCH($B49,'Mẫu task'!$A$5:$A$64,0)),"")) | I49: =IF($B49="","",IFERROR(INDEX('Mẫu task'!$H$5:$H$64,MATCH($B49,'Mẫu task'!$A$5:$A$64,0)),"")) | J49: =IF(OR($H49="",$I49=""),"",$H49+$I49) | M49: =IF($B49="","",IF($K49="Hoàn thành","Xong",IF($K49="Không áp dụng","—",IF($K49="Bị chặn","Bị chặn",IF($O49=1,"TRỄ "&(TODAY()-$J49)&" ngày",IF(AND($K49="Đang làm",$P49>0),"Bước trước chưa xong",IF(AND($J49<>"",N($J49)-TODAY()<=3),"Sắp đến hạn",IF($K49="Đang làm","Đang làm","Chưa bắt đầu")))))))) | O49: =IF(AND($B49<>"",$K49<>"Hoàn thành",$K49<>"Không áp dụng",$J49<>""),IF($J49<TODAY(),1,0),0) -> 0 | P49: =IF(AND($B49<>"",$C49<>"",N($C49)>1),COUNTIFS(Task!$A$5:$A$404,$A49,Task!$C$5:$C$404,N($C49)-1,Task!$K$5:$K$404,"<>Hoàn thành",Task!$K$5:$K$404,"<>Không áp dụng"),0) -> 0
C50: =IF($B50="","",IFERROR(INDEX('Mẫu task'!$B$5:$B$64,MATCH($B50,'Mẫu task'!$A$5:$A$64,0)),"")) | D50: =IF($C50="","",IFERROR(INDEX('Quy trình'!$B$5:$B$12,MATCH($C50,'Quy trình'!$A$5:$A$12,0)),"")) | E50: =IF($B50="","",IFERROR(INDEX('Mẫu task'!$D$5:$D$64,MATCH($B50,'Mẫu task'!$A$5:$A$64,0)),"")) | F50: =IF($B50="","",IFERROR(INDEX('Mẫu task'!$E$5:$E$64,MATCH($B50,'Mẫu task'!$A$5:$A$64,0)),"")) | I50: =IF($B50="","",IFERROR(INDEX('Mẫu task'!$H$5:$H$64,MATCH($B50,'Mẫu task'!$A$5:$A$64,0)),"")) | J50: =IF(OR($H50="",$I50=""),"",$H50+$I50) | M50: =IF($B50="","",IF($K50="Hoàn thành","Xong",IF($K50="Không áp dụng","—",IF($K50="Bị chặn","Bị chặn",IF($O50=1,"TRỄ "&(TODAY()-$J50)&" ngày",IF(AND($K50="Đang làm",$P50>0),"Bước trước chưa xong",IF(AND($J50<>"",N($J50)-TODAY()<=3),"Sắp đến hạn",IF($K50="Đang làm","Đang làm","Chưa bắt đầu")))))))) | O50: =IF(AND($B50<>"",$K50<>"Hoàn thành",$K50<>"Không áp dụng",$J50<>""),IF($J50<TODAY(),1,0),0) -> 0 | P50: =IF(AND($B50<>"",$C50<>"",N($C50)>1),COUNTIFS(Task!$A$5:$A$404,$A50,Task!$C$5:$C$404,N($C50)-1,Task!$K$5:$K$404,"<>Hoàn thành",Task!$K$5:$K$404,"<>Không áp dụng"),0) -> 0
C51: =IF($B51="","",IFERROR(INDEX('Mẫu task'!$B$5:$B$64,MATCH($B51,'Mẫu task'!$A$5:$A$64,0)),"")) | D51: =IF($C51="","",IFERROR(INDEX('Quy trình'!$B$5:$B$12,MATCH($C51,'Quy trình'!$A$5:$A$12,0)),"")) | E51: =IF($B51="","",IFERROR(INDEX('Mẫu task'!$D$5:$D$64,MATCH($B51,'Mẫu task'!$A$5:$A$64,0)),"")) | F51: =IF($B51="","",IFERROR(INDEX('Mẫu task'!$E$5:$E$64,MATCH($B51,'Mẫu task'!$A$5:$A$64,0)),"")) | I51: =IF($B51="","",IFERROR(INDEX('Mẫu task'!$H$5:$H$64,MATCH($B51,'Mẫu task'!$A$5:$A$64,0)),"")) | J51: =IF(OR($H51="",$I51=""),"",$H51+$I51) | M51: =IF($B51="","",IF($K51="Hoàn thành","Xong",IF($K51="Không áp dụng","—",IF($K51="Bị chặn","Bị chặn",IF($O51=1,"TRỄ "&(TODAY()-$J51)&" ngày",IF(AND($K51="Đang làm",$P51>0),"Bước trước chưa xong",IF(AND($J51<>"",N($J51)-TODAY()<=3),"Sắp đến hạn",IF($K51="Đang làm","Đang làm","Chưa bắt đầu")))))))) | O51: =IF(AND($B51<>"",$K51<>"Hoàn thành",$K51<>"Không áp dụng",$J51<>""),IF($J51<TODAY(),1,0),0) -> 0 | P51: =IF(AND($B51<>"",$C51<>"",N($C51)>1),COUNTIFS(Task!$A$5:$A$404,$A51,Task!$C$5:$C$404,N($C51)-1,Task!$K$5:$K$404,"<>Hoàn thành",Task!$K$5:$K$404,"<>Không áp dụng"),0) -> 0
C52: =IF($B52="","",IFERROR(INDEX('Mẫu task'!$B$5:$B$64,MATCH($B52,'Mẫu task'!$A$5:$A$64,0)),"")) | D52: =IF($C52="","",IFERROR(INDEX('Quy trình'!$B$5:$B$12,MATCH($C52,'Quy trình'!$A$5:$A$12,0)),"")) | E52: =IF($B52="","",IFERROR(INDEX('Mẫu task'!$D$5:$D$64,MATCH($B52,'Mẫu task'!$A$5:$A$64,0)),"")) | F52: =IF($B52="","",IFERROR(INDEX('Mẫu task'!$E$5:$E$64,MATCH($B52,'Mẫu task'!$A$5:$A$64,0)),"")) | I52: =IF($B52="","",IFERROR(INDEX('Mẫu task'!$H$5:$H$64,MATCH($B52,'Mẫu task'!$A$5:$A$64,0)),"")) | J52: =IF(OR($H52="",$I52=""),"",$H52+$I52) | M52: =IF($B52="","",IF($K52="Hoàn thành","Xong",IF($K52="Không áp dụng","—",IF($K52="Bị chặn","Bị chặn",IF($O52=1,"TRỄ "&(TODAY()-$J52)&" ngày",IF(AND($K52="Đang làm",$P52>0),"Bước trước chưa xong",IF(AND($J52<>"",N($J52)-TODAY()<=3),"Sắp đến hạn",IF($K52="Đang làm","Đang làm","Chưa bắt đầu")))))))) | O52: =IF(AND($B52<>"",$K52<>"Hoàn thành",$K52<>"Không áp dụng",$J52<>""),IF($J52<TODAY(),1,0),0) -> 0 | P52: =IF(AND($B52<>"",$C52<>"",N($C52)>1),COUNTIFS(Task!$A$5:$A$404,$A52,Task!$C$5:$C$404,N($C52)-1,Task!$K$5:$K$404,"<>Hoàn thành",Task!$K$5:$K$404,"<>Không áp dụng"),0) -> 0
C53: =IF($B53="","",IFERROR(INDEX('Mẫu task'!$B$5:$B$64,MATCH($B53,'Mẫu task'!$A$5:$A$64,0)),"")) | D53: =IF($C53="","",IFERROR(INDEX('Quy trình'!$B$5:$B$12,MATCH($C53,'Quy trình'!$A$5:$A$12,0)),"")) | E53: =IF($B53="","",IFERROR(INDEX('Mẫu task'!$D$5:$D$64,MATCH($B53,'Mẫu task'!$A$5:$A$64,0)),"")) | F53: =IF($B53="","",IFERROR(INDEX('Mẫu task'!$E$5:$E$64,MATCH($B53,'Mẫu task'!$A$5:$A$64,0)),"")) | I53: =IF($B53="","",IFERROR(INDEX('Mẫu task'!$H$5:$H$64,MATCH($B53,'Mẫu task'!$A$5:$A$64,0)),"")) | J53: =IF(OR($H53="",$I53=""),"",$H53+$I53) | M53: =IF($B53="","",IF($K53="Hoàn thành","Xong",IF($K53="Không áp dụng","—",IF($K53="Bị chặn","Bị chặn",IF($O53=1,"TRỄ "&(TODAY()-$J53)&" ngày",IF(AND($K53="Đang làm",$P53>0),"Bước trước chưa xong",IF(AND($J53<>"",N($J53)-TODAY()<=3),"Sắp đến hạn",IF($K53="Đang làm","Đang làm","Chưa bắt đầu")))))))) | O53: =IF(AND($B53<>"",$K53<>"Hoàn thành",$K53<>"Không áp dụng",$J53<>""),IF($J53<TODAY(),1,0),0) -> 0 | P53: =IF(AND($B53<>"",$C53<>"",N($C53)>1),COUNTIFS(Task!$A$5:$A$404,$A53,Task!$C$5:$C$404,N($C53)-1,Task!$K$5:$K$404,"<>Hoàn thành",Task!$K$5:$K$404,"<>Không áp dụng"),0) -> 0
C54: =IF($B54="","",IFERROR(INDEX('Mẫu task'!$B$5:$B$64,MATCH($B54,'Mẫu task'!$A$5:$A$64,0)),"")) | D54: =IF($C54="","",IFERROR(INDEX('Quy trình'!$B$5:$B$12,MATCH($C54,'Quy trình'!$A$5:$A$12,0)),"")) | E54: =IF($B54="","",IFERROR(INDEX('Mẫu task'!$D$5:$D$64,MATCH($B54,'Mẫu task'!$A$5:$A$64,0)),"")) | F54: =IF($B54="","",IFERROR(INDEX('Mẫu task'!$E$5:$E$64,MATCH($B54,'Mẫu task'!$A$5:$A$64,0)),"")) | I54: =IF($B54="","",IFERROR(INDEX('Mẫu task'!$H$5:$H$64,MATCH($B54,'Mẫu task'!$A$5:$A$64,0)),"")) | J54: =IF(OR($H54="",$I54=""),"",$H54+$I54) | M54: =IF($B54="","",IF($K54="Hoàn thành","Xong",IF($K54="Không áp dụng","—",IF($K54="Bị chặn","Bị chặn",IF($O54=1,"TRỄ "&(TODAY()-$J54)&" ngày",IF(AND($K54="Đang làm",$P54>0),"Bước trước chưa xong",IF(AND($J54<>"",N($J54)-TODAY()<=3),"Sắp đến hạn",IF($K54="Đang làm","Đang làm","Chưa bắt đầu")))))))) | O54: =IF(AND($B54<>"",$K54<>"Hoàn thành",$K54<>"Không áp dụng",$J54<>""),IF($J54<TODAY(),1,0),0) -> 0 | P54: =IF(AND($B54<>"",$C54<>"",N($C54)>1),COUNTIFS(Task!$A$5:$A$404,$A54,Task!$C$5:$C$404,N($C54)-1,Task!$K$5:$K$404,"<>Hoàn thành",Task!$K$5:$K$404,"<>Không áp dụng"),0) -> 0
C55: =IF($B55="","",IFERROR(INDEX('Mẫu task'!$B$5:$B$64,MATCH($B55,'Mẫu task'!$A$5:$A$64,0)),"")) | D55: =IF($C55="","",IFERROR(INDEX('Quy trình'!$B$5:$B$12,MATCH($C55,'Quy trình'!$A$5:$A$12,0)),"")) | E55: =IF($B55="","",IFERROR(INDEX('Mẫu task'!$D$5:$D$64,MATCH($B55,'Mẫu task'!$A$5:$A$64,0)),"")) | F55: =IF($B55="","",IFERROR(INDEX('Mẫu task'!$E$5:$E$64,MATCH($B55,'Mẫu task'!$A$5:$A$64,0)),"")) | I55: =IF($B55="","",IFERROR(INDEX('Mẫu task'!$H$5:$H$64,MATCH($B55,'Mẫu task'!$A$5:$A$64,0)),"")) | J55: =IF(OR($H55="",$I55=""),"",$H55+$I55) | M55: =IF($B55="","",IF($K55="Hoàn thành","Xong",IF($K55="Không áp dụng","—",IF($K55="Bị chặn","Bị chặn",IF($O55=1,"TRỄ "&(TODAY()-$J55)&" ngày",IF(AND($K55="Đang làm",$P55>0),"Bước trước chưa xong",IF(AND($J55<>"",N($J55)-TODAY()<=3),"Sắp đến hạn",IF($K55="Đang làm","Đang làm","Chưa bắt đầu")))))))) | O55: =IF(AND($B55<>"",$K55<>"Hoàn thành",$K55<>"Không áp dụng",$J55<>""),IF($J55<TODAY(),1,0),0) -> 0 | P55: =IF(AND($B55<>"",$C55<>"",N($C55)>1),COUNTIFS(Task!$A$5:$A$404,$A55,Task!$C$5:$C$404,N($C55)-1,Task!$K$5:$K$404,"<>Hoàn thành",Task!$K$5:$K$404,"<>Không áp dụng"),0) -> 0
C56: =IF($B56="","",IFERROR(INDEX('Mẫu task'!$B$5:$B$64,MATCH($B56,'Mẫu task'!$A$5:$A$64,0)),"")) | D56: =IF($C56="","",IFERROR(INDEX('Quy trình'!$B$5:$B$12,MATCH($C56,'Quy trình'!$A$5:$A$12,0)),"")) | E56: =IF($B56="","",IFERROR(INDEX('Mẫu task'!$D$5:$D$64,MATCH($B56,'Mẫu task'!$A$5:$A$64,0)),"")) | F56: =IF($B56="","",IFERROR(INDEX('Mẫu task'!$E$5:$E$64,MATCH($B56,'Mẫu task'!$A$5:$A$64,0)),"")) | I56: =IF($B56="","",IFERROR(INDEX('Mẫu task'!$H$5:$H$64,MATCH($B56,'Mẫu task'!$A$5:$A$64,0)),"")) | J56: =IF(OR($H56="",$I56=""),"",$H56+$I56) | M56: =IF($B56="","",IF($K56="Hoàn thành","Xong",IF($K56="Không áp dụng","—",IF($K56="Bị chặn","Bị chặn",IF($O56=1,"TRỄ "&(TODAY()-$J56)&" ngày",IF(AND($K56="Đang làm",$P56>0),"Bước trước chưa xong",IF(AND($J56<>"",N($J56)-TODAY()<=3),"Sắp đến hạn",IF($K56="Đang làm","Đang làm","Chưa bắt đầu")))))))) | O56: =IF(AND($B56<>"",$K56<>"Hoàn thành",$K56<>"Không áp dụng",$J56<>""),IF($J56<TODAY(),1,0),0) -> 0 | P56: =IF(AND($B56<>"",$C56<>"",N($C56)>1),COUNTIFS(Task!$A$5:$A$404,$A56,Task!$C$5:$C$404,N($C56)-1,Task!$K$5:$K$404,"<>Hoàn thành",Task!$K$5:$K$404,"<>Không áp dụng"),0) -> 0
... C404: =IF($B404="","",IFERROR(INDEX('Mẫu task'!$B$5:$B$64,MATCH($B404,'Mẫu task'!$A$5:$A$64,0)),"")) | D404: =IF($C404="","",IFERROR(INDEX('Quy trình'!$B$5:$B$12,MATCH($C404,'Quy trình'!$A$5:$A$12,0)),"")) | E404: =IF($B404="","",IFERROR(INDEX('Mẫu task'!$D$5:$D$64,MATCH($B404,'Mẫu task'!$A$5:$A$64,0)),"")) | F404: =IF($B404="","",IFERROR(INDEX('Mẫu task'!$E$5:$E$64,MATCH($B404,'Mẫu task'!$A$5:$A$64,0)),"")) | I404: =IF($B404="","",IFERROR(INDEX('Mẫu task'!$H$5:$H$64,MATCH($B404,'Mẫu task'!$A$5:$A$64,0)),"")) | J404: =IF(OR($H404="",$I404=""),"",$H404+$I404) | M404: =IF($B404="","",IF($K404="Hoàn thành","Xong",IF($K404="Không áp dụng","—",IF($K404="Bị chặn","Bị chặn",IF($O404=1,"TRỄ "&(TODAY()-$J404)&" ngày",IF(AND($K404="Đang làm",$P404>0),"Bước trước chưa xong",IF(AND($J404<>"",N($J404)-TODAY()<=3),"Sắp đến hạn",IF($K404="Đang làm","Đang làm","Chưa bắt đầu")))))))) | O404: =IF(AND($B404<>"",$K404<>"Hoàn thành",$K404<>"Không áp dụng",$J404<>""),IF($J404<TODAY(),1,0),0) -> 0 | P404: =IF(AND($B404<>"",$C404<>"",N($C404)>1),COUNTIFS(Task!$A$5:$A$404,$A404,Task!$C$5:$C$404,N($C404)-1,Task!$K$5:$K$404,"<>Hoàn thành",Task!$K$5:$K$404,"<>Không áp dụng"),0) -> 0

Sheet Chấm điểm
A1: Chấm điểm tech meeting (bước 5) – checklist đánh giá tiềm năng hợp tác sản phẩm
A2: Tiêu chí và trọng số bên dưới là ĐỀ XUẤT (whiteboard còn dấu ?): hãy sửa cho đúng. Chấm 0–5 vào cột partner. Tên partner tự lấy từ sheet 'Partner' (10 partner đầu).
A4: Tiêu chí | B4: Trọng số | C4: Bắt buộc? | D4: =IF(Partner!$A$5="","",Partner!$A$5) -> Partner mẫu A (ví dụ – xoá/ghi đè) | E4: =IF(Partner!$A$6="","",Partner!$A$6) -> Partner mẫu B (ví dụ – xoá/ghi đè) | F4: =IF(Partner!$A$7="","",Partner!$A$7) | G4: =IF(Partner!$A$8="","",Partner!$A$8) | H4: =IF(Partner!$A$9="","",Partner!$A$9) | I4: =IF(Partner!$A$10="","",Partner!$A$10) | J4: =IF(Partner!$A$11="","",Partner!$A$11) | K4: =IF(Partner!$A$12="","",Partner!$A$12) | L4: =IF(Partner!$A$13="","",Partner!$A$13) | M4: =IF(Partner!$A$14="","",Partner!$A$14)
A5: Mức độ bổ sung cho danh mục sản phẩm VNW | B5: 25 | C5: Không | D5: 4
A6: Năng lực kỹ thuật và độ trưởng thành sản phẩm | B6: 20 | C6: Có | D6: 4
A7: Khả năng tích hợp / triển khai tại Việt Nam | B7: 15 | C7: Không | D7: 3
A8: Mô hình giá và biên lợi nhuận | B8: 15 | C8: Không | D8: 3
A9: Năng lực hỗ trợ và đào tạo | B9: 10 | C9: Không | D9: 4
A10: Uy tín và khách hàng tham chiếu | B10: 10 | C10: Không | D10: 3
A11: Tuân thủ pháp lý / bảo mật | B11: 5 | C11: Có | D11: 5
A12: Tổng trọng số (phải = 100) | B12: =SUM(B5:B11) -> 100 | C12: =IF(B12=100,"OK","Sai trọng số") -> OK
A13: Điểm có trọng số (%) | D13: =IF(OR(D$4="",COUNT(D5:D11)=0),"",SUMPRODUCT($B$5:$B$11,D5:D11)/($B$20*SUMPRODUCT($B$5:$B$11,--(D5:D11<>"")))) -> 0.73 | E13: =IF(OR(E$4="",COUNT(E5:E11)=0),"",SUMPRODUCT($B$5:$B$11,E5:E11)/($B$20*SUMPRODUCT($B$5:$B$11,--(E5:E11<>"")))) | F13: =IF(OR(F$4="",COUNT(F5:F11)=0),"",SUMPRODUCT($B$5:$B$11,F5:F11)/($B$20*SUMPRODUCT($B$5:$B$11,--(F5:F11<>"")))) | G13: =IF(OR(G$4="",COUNT(G5:G11)=0),"",SUMPRODUCT($B$5:$B$11,G5:G11)/($B$20*SUMPRODUCT($B$5:$B$11,--(G5:G11<>"")))) | H13: =IF(OR(H$4="",COUNT(H5:H11)=0),"",SUMPRODUCT($B$5:$B$11,H5:H11)/($B$20*SUMPRODUCT($B$5:$B$11,--(H5:H11<>"")))) | I13: =IF(OR(I$4="",COUNT(I5:I11)=0),"",SUMPRODUCT($B$5:$B$11,I5:I11)/($B$20*SUMPRODUCT($B$5:$B$11,--(I5:I11<>"")))) | J13: =IF(OR(J$4="",COUNT(J5:J11)=0),"",SUMPRODUCT($B$5:$B$11,J5:J11)/($B$20*SUMPRODUCT($B$5:$B$11,--(J5:J11<>"")))) | K13: =IF(OR(K$4="",COUNT(K5:K11)=0),"",SUMPRODUCT($B$5:$B$11,K5:K11)/($B$20*SUMPRODUCT($B$5:$B$11,--(K5:K11<>"")))) | ... M13: =IF(OR(M$4="",COUNT(M5:M11)=0),"",SUMPRODUCT($B$5:$B$11,M5:M11)/($B$20*SUMPRODUCT($B$5:$B$11,--(M5:M11<>""))))
A14: Số tiêu chí bắt buộc không đạt | D14: =IF(D$4="","",COUNTIFS($C$5:$C$11,"Có",D5:D11,"<"&$B$19)) -> 0 | E14: =IF(E$4="","",COUNTIFS($C$5:$C$11,"Có",E5:E11,"<"&$B$19)) -> 0 | F14: =IF(F$4="","",COUNTIFS($C$5:$C$11,"Có",F5:F11,"<"&$B$19)) | G14: =IF(G$4="","",COUNTIFS($C$5:$C$11,"Có",G5:G11,"<"&$B$19)) | H14: =IF(H$4="","",COUNTIFS($C$5:$C$11,"Có",H5:H11,"<"&$B$19)) | I14: =IF(I$4="","",COUNTIFS($C$5:$C$11,"Có",I5:I11,"<"&$B$19)) | J14: =IF(J$4="","",COUNTIFS($C$5:$C$11,"Có",J5:J11,"<"&$B$19)) | K14: =IF(K$4="","",COUNTIFS($C$5:$C$11,"Có",K5:K11,"<"&$B$19)) | ... M14: =IF(M$4="","",COUNTIFS($C$5:$C$11,"Có",M5:M11,"<"&$B$19))
A15: Số tiêu chí đã chấm | D15: =IF(D$4="","",COUNT(D5:D11)) -> 7 | E15: =IF(E$4="","",COUNT(E5:E11)) -> 0 | F15: =IF(F$4="","",COUNT(F5:F11)) | G15: =IF(G$4="","",COUNT(G5:G11)) | H15: =IF(H$4="","",COUNT(H5:H11)) | I15: =IF(I$4="","",COUNT(I5:I11)) | J15: =IF(J$4="","",COUNT(J5:J11)) | K15: =IF(K$4="","",COUNT(K5:K11)) | ... M15: =IF(M$4="","",COUNT(M5:M11))
A16: KẾT LUẬN | D16: =IF(D$4="","",IF(D15<ROWS(D5:D11),"Chưa chấm đủ",IF(D14>0,"Chưa đạt (tiêu chí bắt buộc)",IF(D13>=$B$18,"OK – đạt","Chưa đạt")))) -> OK – đạt | E16: =IF(E$4="","",IF(E15<ROWS(E5:E11),"Chưa chấm đủ",IF(E14>0,"Chưa đạt (tiêu chí bắt buộc)",IF(E13>=$B$18,"OK – đạt","Chưa đạt")))) -> Chưa chấm đủ | F16: =IF(F$4="","",IF(F15<ROWS(F5:F11),"Chưa chấm đủ",IF(F14>0,"Chưa đạt (tiêu chí bắt buộc)",IF(F13>=$B$18,"OK – đạt","Chưa đạt")))) | G16: =IF(G$4="","",IF(G15<ROWS(G5:G11),"Chưa chấm đủ",IF(G14>0,"Chưa đạt (tiêu chí bắt buộc)",IF(G13>=$B$18,"OK – đạt","Chưa đạt")))) | H16: =IF(H$4="","",IF(H15<ROWS(H5:H11),"Chưa chấm đủ",IF(H14>0,"Chưa đạt (tiêu chí bắt buộc)",IF(H13>=$B$18,"OK – đạt","Chưa đạt")))) | I16: =IF(I$4="","",IF(I15<ROWS(I5:I11),"Chưa chấm đủ",IF(I14>0,"Chưa đạt (tiêu chí bắt buộc)",IF(I13>=$B$18,"OK – đạt","Chưa đạt")))) | J16: =IF(J$4="","",IF(J15<ROWS(J5:J11),"Chưa chấm đủ",IF(J14>0,"Chưa đạt (tiêu chí bắt buộc)",IF(J13>=$B$18,"OK – đạt","Chưa đạt")))) | K16: =IF(K$4="","",IF(K15<ROWS(K5:K11),"Chưa chấm đủ",IF(K14>0,"Chưa đạt (tiêu chí bắt buộc)",IF(K13>=$B$18,"OK – đạt","Chưa đạt")))) | ... M16: =IF(M$4="","",IF(M15<ROWS(M5:M11),"Chưa chấm đủ",IF(M14>0,"Chưa đạt (tiêu chí bắt buộc)",IF(M13>=$B$18,"OK – đạt","Chưa đạt"))))
A17: Tham số
A18: Ngưỡng đạt (% điểm có trọng số) | B18: 0.7 | C18: Giả định: 70% – chưa có số trên whiteboard, cần xác nhận.
A19: Điểm tối thiểu cho tiêu chí bắt buộc | B19: 3
A20: Thang điểm tối đa | B20: 5
A22: Ví dụ: cột D đã điền điểm mẫu cho 'Partner mẫu A' (73% → OK). Xoá khi dùng thật.

Sheet Quy trình
A1: Quy trình onboarding partner (8 bước)
A2: Nguồn: whiteboard 'On boarding partner'. Ô xanh = có thể sửa. Cột H, I tự tính từ sheet 'Mẫu task'.
A4: # | B4: Bước | C4: Mục tiêu | D4: Cần có (đầu vào) | E4: Đầu ra | F4: Điều kiện qua bước | G4: Owner chính | H4: SLA tổng (ngày) | I4: Số task mẫu
A5: 1 | B5: Sourcing | C5: Tìm và lọc partner tiềm năng | D5: Bộ tiêu chí chọn partner (chưa chốt); danh sách nguồn tìm partner | E5: Short list partner 'A' | F5: Short list được duyệt | G5: BD / Partnership | H5: =SUMIFS('Mẫu task'!$H$5:$H$64,'Mẫu task'!$B$5:$B$64,$A5) -> 17 | I5: =COUNTIFS('Mẫu task'!$B$5:$B$64,$A5) -> 4
A6: 2 | B6: Approach | C6: Tiếp cận và giới thiệu hợp tác | D6: Presentation: công ty, VTF, đề xuất giải pháp/hợp tác; đầu mối phía partner | E6: Partner đồng ý tìm hiểu tiếp | F6: Partner phản hồi quan tâm | G6: BD / Partnership | H6: =SUMIFS('Mẫu task'!$H$5:$H$64,'Mẫu task'!$B$5:$B$64,$A6) -> 16 | I6: =COUNTIFS('Mẫu task'!$B$5:$B$64,$A6) -> 4
A7: 3 | B7: NDA | C7: Ký thỏa thuận bảo mật trước khi trao đổi sâu | D7: Mẫu NDA đã duyệt; người ký hai bên | E7: NDA đã ký | F7: NDA ký đủ hai bên | G7: Pháp chế | H7: =SUMIFS('Mẫu task'!$H$5:$H$64,'Mẫu task'!$B$5:$B$64,$A7) -> 11 | I7: =COUNTIFS('Mẫu task'!$B$5:$B$64,$A7) -> 3
A8: 4 | B8: Hồ sơ của partner (A) | C8: Thu thập thông tin để đánh giá | D8: Company profile; product deck; price policy; biz collaboration model | E8: Bộ hồ sơ partner đầy đủ | F8: Đủ 4 loại hồ sơ | G8: BD / Partnership | H8: =SUMIFS('Mẫu task'!$H$5:$H$64,'Mẫu task'!$B$5:$B$64,$A8) -> 25 | I8: =COUNTIFS('Mẫu task'!$B$5:$B$64,$A8) -> 5
A9: 5 | B9: Tech meeting | C9: Đánh giá tiềm năng hợp tác sản phẩm | D9: Bộ tiêu chí đánh giá + checklist; danh mục SP VNW định hướng; hồ sơ bước 4 | E9: Kết quả chấm checklist: OK / không OK | F9: Điểm chấm >= ngưỡng (sheet 'Chấm điểm') | G9: Tech / Product | H9: =SUMIFS('Mẫu task'!$H$5:$H$64,'Mẫu task'!$B$5:$B$64,$A9) -> 13 | I9: =COUNTIFS('Mẫu task'!$B$5:$B$64,$A9) -> 5
A10: 6 | B10: Quyết định / duyệt (giả định) | C10: Chốt đi tiếp sau tech meeting | D10: Biên bản tech meeting; kết quả chấm điểm | E10: Go / no-go | F10: Cấp duyệt đồng ý | G10: Lãnh đạo / BD | H10: =SUMIFS('Mẫu task'!$H$5:$H$64,'Mẫu task'!$B$5:$B$64,$A10) -> 7 | I10: =COUNTIFS('Mẫu task'!$B$5:$B$64,$A10) -> 2
A11: 7 | B11: MOA | C11: Ký thỏa thuận hợp tác | D11: Mô hình hợp tác và tài chính ($); dự thảo MOA | E11: MOA đã ký | F11: MOA ký đủ hai bên | G11: BD + Pháp chế | H11: =SUMIFS('Mẫu task'!$H$5:$H$64,'Mẫu task'!$B$5:$B$64,$A11) -> 27 | I11: =COUNTIFS('Mẫu task'!$B$5:$B$64,$A11) -> 4
A12: 8 | B12: Sau ký: vận hành liên tục | C12: Triển khai hợp tác thực tế | D12: Nội dung truyền thông; gói VTF; tài liệu đào tạo; danh sách KH của tech partner | E12: Truyền thông, đóng gói VTF, đào tạo 2 chiều, biz matching, setup | F12: Các hạng mục đã chạy | G12: BD / Marketing / Đào tạo | H12: =SUMIFS('Mẫu task'!$H$5:$H$64,'Mẫu task'!$B$5:$B$64,$A12) -> 58 | I12: =COUNTIFS('Mẫu task'!$B$5:$B$64,$A12) -> 7
A14: Giả định: bước 6 trên whiteboard không đọc rõ; tạm đặt là 'Quyết định / duyệt'. MOA đặt là bước 7 (số trên bảng bị gạch).

Sheet Mẫu task
A1: Danh mục task mẫu cho từng bước
A2: Sửa trực tiếp ở cột xanh. Thêm task mới ở dòng trống (tới dòng 64): mã mới sẽ tự xuất hiện trong danh sách chọn của sheet 'Task'.
A4: Mã | B4: Bước # | C4: Tên bước | D4: Việc cần làm | E4: Cần có (tài liệu / đầu vào) | F4: Đầu ra | G4: Owner mặc định | H4: SLA (ngày)
A5: 1.1 | B5: 1 | C5: =IF($B5="","",IFERROR(INDEX('Quy trình'!$B$5:$B$12,MATCH($B5,'Quy trình'!$A$5:$A$12,0)),"")) -> Sourcing | D5: Chốt bộ tiêu chí chọn partner (đang là dấu ? trên bảng) | E5: Mục tiêu hợp tác; danh mục sản phẩm VNW cần bổ sung | F5: Bộ tiêu chí được duyệt | G5: BD | H5: 5
A6: 1.2 | B6: 1 | C6: =IF($B6="","",IFERROR(INDEX('Quy trình'!$B$5:$B$12,MATCH($B6,'Quy trình'!$A$5:$A$12,0)),"")) -> Sourcing | D6: Lập danh sách nguồn tìm partner | E6: Các kênh: giới thiệu, vendor, sự kiện, thị trường | F6: Danh sách nguồn | G6: BD | H6: 3
A7: 1.3 | B7: 1 | C7: =IF($B7="","",IFERROR(INDEX('Quy trình'!$B$5:$B$12,MATCH($B7,'Quy trình'!$A$5:$A$12,0)),"")) -> Sourcing | D7: Lập long list và chấm sơ bộ theo tiêu chí | E7: Bộ tiêu chí 1.1; danh sách nguồn 1.2 | F7: Long list có điểm | G7: BD | H7: 7
A8: 1.4 | B8: 1 | C8: =IF($B8="","",IFERROR(INDEX('Quy trình'!$B$5:$B$12,MATCH($B8,'Quy trình'!$A$5:$A$12,0)),"")) -> Sourcing | D8: Chốt short list partner 'A' | E8: Long list có điểm | F8: Short list được duyệt | G8: BD | H8: 2
A9: 2.1 | B9: 2 | C9: =IF($B9="","",IFERROR(INDEX('Quy trình'!$B$5:$B$12,MATCH($B9,'Quy trình'!$A$5:$A$12,0)),"")) -> Approach | D9: Chuẩn bị presentation (công ty, VTF, đề xuất hợp tác) | E9: Deck giới thiệu công ty và VTF; proposal giải pháp | F9: Deck sẵn sàng | G9: BD | H9: 5
A10: 2.2 | B10: 2 | C10: =IF($B10="","",IFERROR(INDEX('Quy trình'!$B$5:$B$12,MATCH($B10,'Quy trình'!$A$5:$A$12,0)),"")) -> Approach | D10: Liên hệ đầu mối partner và đặt lịch | E10: Thông tin đầu mối phía partner | F10: Lịch họp đã xác nhận | G10: BD | H10: 3
A11: 2.3 | B11: 2 | C11: =IF($B11="","",IFERROR(INDEX('Quy trình'!$B$5:$B$12,MATCH($B11,'Quy trình'!$A$5:$A$12,0)),"")) -> Approach | D11: Thuyết trình / gặp gỡ lần đầu | E11: Deck 2.1 | F11: Biên bản buổi gặp | G11: BD | H11: 3
A12: 2.4 | B12: 2 | C12: =IF($B12="","",IFERROR(INDEX('Quy trình'!$B$5:$B$12,MATCH($B12,'Quy trình'!$A$5:$A$12,0)),"")) -> Approach | D12: Nhận phản hồi quan tâm từ partner | E12: Biên bản buổi gặp | F12: Partner đồng ý đi tiếp | G12: BD | H12: 5
A13: 3.1 | B13: 3 | C13: =IF($B13="","",IFERROR(INDEX('Quy trình'!$B$5:$B$12,MATCH($B13,'Quy trình'!$A$5:$A$12,0)),"")) -> NDA | D13: Chuẩn bị mẫu NDA (pháp chế duyệt) | E13: Mẫu NDA chuẩn | F13: NDA bản gửi đi | G13: Pháp chế | H13: 3
A14: 3.2 | B14: 3 | C14: =IF($B14="","",IFERROR(INDEX('Quy trình'!$B$5:$B$12,MATCH($B14,'Quy trình'!$A$5:$A$12,0)),"")) -> NDA | D14: Gửi và thương lượng điều khoản NDA | E14: NDA 3.1 | F14: NDA chốt nội dung | G14: Pháp chế | H14: 5
A15: 3.3 | B15: 3 | C15: =IF($B15="","",IFERROR(INDEX('Quy trình'!$B$5:$B$12,MATCH($B15,'Quy trình'!$A$5:$A$12,0)),"")) -> NDA | D15: Ký NDA và lưu bản gốc | E15: Người ký hai bên | F15: NDA đã ký | G15: Pháp chế | H15: 3
A16: 4.1 | B16: 4 | C16: =IF($B16="","",IFERROR(INDEX('Quy trình'!$B$5:$B$12,MATCH($B16,'Quy trình'!$A$5:$A$12,0)),"")) -> Hồ sơ của partner (A) | D16: Nhận company profile của partner | E16: NDA đã ký | F16: Company profile | G16: BD | H16: 5
... A38: 8.7 | B38: 8 | C38: =IF($B38="","",IFERROR(INDEX('Quy trình'!$B$5:$B$12,MATCH($B38,'Quy trình'!$A$5:$A$12,0)),"")) -> Sau ký: vận hành liên tục | D38: Thiết lập vận hành và đồng bộ định kỳ | E38: Lịch họp, đầu mối hai bên | F38: Nhịp vận hành thiết lập | G38: BD | H38: 7
C39: =IF($B39="","",IFERROR(INDEX('Quy trình'!$B$5:$B$12,MATCH($B39,'Quy trình'!$A$5:$A$12,0)),""))
C40: =IF($B40="","",IFERROR(INDEX('Quy trình'!$B$5:$B$12,MATCH($B40,'Quy trình'!$A$5:$A$12,0)),""))
C41: =IF($B41="","",IFERROR(INDEX('Quy trình'!$B$5:$B$12,MATCH($B41,'Quy trình'!$A$5:$A$12,0)),""))
C42: =IF($B42="","",IFERROR(INDEX('Quy trình'!$B$5:$B$12,MATCH($B42,'Quy trình'!$A$5:$A$12,0)),""))
C43: =IF($B43="","",IFERROR(INDEX('Quy trình'!$B$5:$B$12,MATCH($B43,'Quy trình'!$A$5:$A$12,0)),""))
C44: =IF($B44="","",IFERROR(INDEX('Quy trình'!$B$5:$B$12,MATCH($B44,'Quy trình'!$A$5:$A$12,0)),""))
C45: =IF($B45="","",IFERROR(INDEX('Quy trình'!$B$5:$B$12,MATCH($B45,'Quy trình'!$A$5:$A$12,0)),""))
C46: =IF($B46="","",IFERROR(INDEX('Quy trình'!$B$5:$B$12,MATCH($B46,'Quy trình'!$A$5:$A$12,0)),""))
C47: =IF($B47="","",IFERROR(INDEX('Quy trình'!$B$5:$B$12,MATCH($B47,'Quy trình'!$A$5:$A$12,0)),""))
C48: =IF($B48="","",IFERROR(INDEX('Quy trình'!$B$5:$B$12,MATCH($B48,'Quy trình'!$A$5:$A$12,0)),""))
C49: =IF($B49="","",IFERROR(INDEX('Quy trình'!$B$5:$B$12,MATCH($B49,'Quy trình'!$A$5:$A$12,0)),""))
C50: =IF($B50="","",IFERROR(INDEX('Quy trình'!$B$5:$B$12,MATCH($B50,'Quy trình'!$A$5:$A$12,0)),""))
... C64: =IF($B64="","",IFERROR(INDEX('Quy trình'!$B$5:$B$12,MATCH($B64,'Quy trình'!$A$5:$A$12,0)),""))

Sheet Câu hỏi mở
A1: Câu hỏi mở (các dấu ? đỏ trên whiteboard)
A2: Chốt xong thì chuyển Trạng thái = 'Đã chốt' và ghi quyết định.
A4: # | B4: Câu hỏi cần chốt | C4: Bước | D4: Người phụ trách | E4: Hạn | F4: Trạng thái | G4: Quyết định | I4: Còn mở: | J4: =COUNTIF(F5:F40,"Mở")+COUNTIF(F5:F40,"Đang bàn") -> 12
A5: 1 | B5: Tiêu chí chọn partner (sourcing) gồm những gì? | C5: 1 | F5: Mở
A6: 2 | B6: Các nguồn tìm partner gồm những kênh nào? | C6: 1 | F6: Mở
A7: 3 | B7: Presentation (công ty / VTF / proposal giải pháp) cần có nội dung gì? | C7: 2 | F7: Mở
A8: 4 | B8: Danh mục sản phẩm VNW định hướng cần partner bổ sung là gì (cần viết ra)? | C8: 5 | F8: Mở
A9: 5 | B9: Tiêu chí đánh giá tiềm năng hợp tác sản phẩm ở tech meeting? | C9: 5 | F9: Mở
A10: 6 | B10: '3 điểm…' cần làm rõ sau tech meeting (chữ trên bảng chưa đọc rõ) là gì? | C10: 5 | F10: Mở
A11: 7 | B11: Bước 6 thực chất là bước gì (duyệt / go-no-go?) | C11: 6 | F11: Mở
A12: 8 | B12: Mô hình tài chính ($) trong MOA: chia doanh thu hay mô hình khác? | C12: 7 | F12: Mở
A13: 9 | B13: Truyền thông: checklist VTF và nội dung cập nhật hồ sơ biz VNW gồm gì? | C13: 8 | F13: Mở
A14: 10 | B14: Tài liệu đào tạo 2 chiều gồm những tài liệu nào? | C14: 8 | F14: Mở
A15: 11 | B15: Biz matching: dùng danh sách khách hàng nào của tech partner, ghép theo quy trình nào? | C15: 8 | F15: Mở
A16: 12 | B16: 'Setup … liên tục': setup những gì, tần suất ra sao? | C16: 8 | F16: Mở
