Workbook

Sheet Tổng quan
A1: Kế hoạch phòng Partnership: tổng quan
A3: Ngày bắt đầu kế hoạch | C3: Nhập ngày lãnh đạo phê duyệt; hạn của các đầu việc ở sheet V-Tech Hub tính từ ngày này.
A5: Tiến độ V-Tech Hub | B5: Số việc | D5: Trụ cột | E5: Tổng việc | F5: Hoàn thành | G5: Tỷ lệ
A6: Chưa bắt đầu | B6: =COUNTIF('V-Tech Hub'!$I$5:$I$24,A6) -> 20 | D6: 1. Làm đầy sân | E6: =COUNTIF('V-Tech Hub'!$B$5:$B$24,D6) -> 4 | F6: =COUNTIFS('V-Tech Hub'!$B$5:$B$24,D6,'V-Tech Hub'!$I$5:$I$24,"Hoàn thành") -> 0 | G6: =IFERROR(F6/E6,0) -> 0
A7: Đang làm | B7: =COUNTIF('V-Tech Hub'!$I$5:$I$24,A7) -> 0 | D7: 2. Đặt luật chơi | E7: =COUNTIF('V-Tech Hub'!$B$5:$B$24,D7) -> 4 | F7: =COUNTIFS('V-Tech Hub'!$B$5:$B$24,D7,'V-Tech Hub'!$I$5:$I$24,"Hoàn thành") -> 0 | G7: =IFERROR(F7/E7,0) -> 0
A8: Hoàn thành | B8: =COUNTIF('V-Tech Hub'!$I$5:$I$24,A8) -> 0 | D8: 3. Kéo người chơi vào | E8: =COUNTIF('V-Tech Hub'!$B$5:$B$24,D8) -> 5 | F8: =COUNTIFS('V-Tech Hub'!$B$5:$B$24,D8,'V-Tech Hub'!$I$5:$I$24,"Hoàn thành") -> 0 | G8: =IFERROR(F8/E8,0) -> 0
A9: Vướng | B9: =COUNTIF('V-Tech Hub'!$I$5:$I$24,A9) -> 0 | D9: 4. Biến quan tâm thành giao dịch | E9: =COUNTIF('V-Tech Hub'!$B$5:$B$24,D9) -> 4 | F9: =COUNTIFS('V-Tech Hub'!$B$5:$B$24,D9,'V-Tech Hub'!$I$5:$I$24,"Hoàn thành") -> 0 | G9: =IFERROR(F9/E9,0) -> 0
A10: Tổng số việc | B10: =COUNTA('V-Tech Hub'!$C$5:$C$24) -> 20 | D10: 5. Giữ sân sống | E10: =COUNTIF('V-Tech Hub'!$B$5:$B$24,D10) -> 3 | F10: =COUNTIFS('V-Tech Hub'!$B$5:$B$24,D10,'V-Tech Hub'!$I$5:$I$24,"Hoàn thành") -> 0 | G10: =IFERROR(F10/E10,0) -> 0
A11: Tỷ lệ hoàn thành | B11: =IFERROR(B8/B10,0) -> 0
A12: Việc quá hạn | B12: =COUNTIF('V-Tech Hub'!$K$5:$K$24,"Quá hạn") -> 0
A15: Phễu partner | B15: Số partner | D15: Hạng partner | E15: Số partner
A16: 1. Tìm | B16: =COUNTIF('Theo dõi partner'!$H$6:$H$105,A16) -> 0 | D16: Explorer | E16: =COUNTIF('Theo dõi partner'!$I$6:$I$105,D16) -> 0
A17: 2. Tiếp cận | B17: =COUNTIF('Theo dõi partner'!$H$6:$H$105,A17) -> 0 | D17: Certified | E17: =COUNTIF('Theo dõi partner'!$I$6:$I$105,D17) -> 0
A18: 3. Thẩm định | B18: =COUNTIF('Theo dõi partner'!$H$6:$H$105,A18) -> 0 | D18: Strategic | E18: =COUNTIF('Theo dõi partner'!$I$6:$I$105,D18) -> 0
A19: 4. Ký | B19: =COUNTIF('Theo dõi partner'!$H$6:$H$105,A19) -> 0 | D19: Partner có cảnh báo | E19: =COUNTIF('Theo dõi partner'!$N$6:$N$105,"?*") -> 0
A20: 5. Onboarding | B20: =COUNTIF('Theo dõi partner'!$H$6:$H$105,A20) -> 0
A21: 6. Kích hoạt | B21: =COUNTIF('Theo dõi partner'!$H$6:$H$105,A21) -> 0 | D21: Việc khác | E21: Số lượng
A22: 7. Tạo giá trị | B22: =COUNTIF('Theo dõi partner'!$H$6:$H$105,A22) -> 0 | D22: Việc định kỳ quá hạn | E22: =COUNTIF('Nhịp làm việc'!$F$5:$F$10,"Quá hạn") -> 0
A23: 8. Đánh giá | B23: =COUNTIF('Theo dõi partner'!$H$6:$H$105,A23) -> 0 | D23: Hợp đồng đối tác sắp hết hạn hoặc hết hạn | E23: =COUNTIF('Sổ đối tác toàn công ty'!$I$5:$I$34,"Sắp hết hạn")+COUNTIF('Sổ đối tác toàn công ty'!$I$5:$I$34,"Hết hạn") -> 0
A24: Tổng partner đang theo dõi | B24: =COUNTA('Theo dõi partner'!$B$6:$B$105) -> 0 | D24: Mảng ngoài Hub chưa rõ phụ trách | E24: =COUNTIF('Mảng ngoài Hub'!$E$5:$E$9,"Chưa rõ") -> 5
A27: Cách dùng
A28: 1. Nhập ngày bắt đầu ở ô B3. Ô vàng là ô bạn nhập; ô xám là công thức, đừng sửa.
A29: 2. Sheet V-Tech Hub: cập nhật Trạng thái và Ngày hoàn thành mỗi khi xong việc; có thể sửa số ngày hạn.
A30: 3. Sheet Theo dõi partner: mỗi partner một dòng, cập nhật Bước hiện tại và Việc tiếp theo; dòng 5 là dòng ví dụ, xóa khi nhập.
A31: 4. Sheet Sổ đối tác toàn công ty: điền dần khi xác nhận hợp đồng; sáu dòng đầu lấy từ tên nêu trên trang Foundry, chưa xác nhận.
A32: 5. Sheet Nhịp làm việc: ghi ngày làm lần gần nhất để biết khi nào đến hạn lần sau.
A33: 6. Các mốc số ngày và danh sách đầu việc là đề xuất của kế hoạch, sửa theo mục tiêu lãnh đạo giao.

Sheet V-Tech Hub
A1: V-Tech Hub: bảng đầu việc theo 5 trụ cột
A2: Ô vàng là ô bạn nhập (trạng thái, ngày hoàn thành, ghi chú, số ngày hạn). Cột xám là công thức, không sửa. Hạn dự kiến = Ngày bắt đầu (sheet Tổng quan) + số ngày ở cột G. Số ngày là đề xuất: tuần 1–2 = 14, tháng 1 = 30, tháng 2 = 60, tháng 3 = 90, tháng 4 = 120, tháng 6 = 180.
A4: # | B4: Trụ cột | C4: Đầu việc | D4: Đầu ra | E4: Phối hợp | F4: Ưu tiên | G4: Hạn (số ngày từ ngày bắt đầu) | H4: Hạn dự kiến | I4: Trạng thái | J4: Ngày hoàn thành | K4: Cảnh báo | L4: Ghi chú
A5: 1 | B5: 1. Làm đầy sân | C5: Lập sổ partner cho các giải pháp trên Hub (của VNETWORK hay partner nào, hợp đồng gì) | D5: Sổ partner | E5: Presales, Kinh doanh | F5: Cao | G5: 14 | H5: =IF(OR('Tổng quan'!$B$3="",G5=""),"",'Tổng quan'!$B$3+G5) | I5: Chưa bắt đầu | K5: =IF(OR(H5="",I5="Hoàn thành"),"",IF(H5<TODAY(),"Quá hạn",""))
A6: 2 | B6: 1. Làm đầy sân | C6: Lập ma trận ngành × giải pháp để thấy chỗ trống | D6: Ma trận phủ | E6: Presales | F6: Cao | G6: 30 | H6: =IF(OR('Tổng quan'!$B$3="",G6=""),"",'Tổng quan'!$B$3+G6) | I6: Chưa bắt đầu | K6: =IF(OR(H6="",I6="Hoàn thành"),"",IF(H6<TODAY(),"Quá hạn",""))
A7: 3 | B7: 1. Làm đầy sân | C7: Chọn 20 partner mục tiêu, chấm điểm độ phù hợp với BFSI và tiếp cận | D7: Danh sách có chấm điểm | E7: Presales, Vtro | F7: Cao | G7: 60 | H7: =IF(OR('Tổng quan'!$B$3="",G7=""),"",'Tổng quan'!$B$3+G7) | I7: Chưa bắt đầu | K7: =IF(OR(H7="",I7="Hoàn thành"),"",IF(H7<TODAY(),"Quá hạn",""))
A8: 4 | B8: 1. Làm đầy sân | C8: Ký 3–5 design partner (technology và domain consultant) | D8: 3–5 MOU đã ký | E8: Pháp lý | F8: Cao | G8: 90 | H8: =IF(OR('Tổng quan'!$B$3="",G8=""),"",'Tổng quan'!$B$3+G8) | I8: Chưa bắt đầu | K8: =IF(OR(H8="",I8="Hoàn thành"),"",IF(H8<TODAY(),"Quá hạn",""))
A9: 5 | B9: 2. Đặt luật chơi | C9: Chốt với lãnh đạo: mô hình sân chơi, phạm vi phòng, mục tiêu 12 tháng, ngân sách, quyền ký | D9: Biên bản quyết định | E9: Lãnh đạo, Finance | F9: Cao | G9: 14 | H9: =IF(OR('Tổng quan'!$B$3="",G9=""),"",'Tổng quan'!$B$3+G9) | I9: Chưa bắt đầu | K9: =IF(OR(H9="",I9="Hoàn thành"),"",IF(H9<TODAY(),"Quá hạn",""))
A10: 6 | B10: 2. Đặt luật chơi | C10: Viết Playbook v1: onboarding, kỹ thuật, thương mại, SLA, thương hiệu | D10: Playbook v1 được duyệt | E10: Pháp lý, Finance, SOC | F10: Cao | G10: 90 | H10: =IF(OR('Tổng quan'!$B$3="",G10=""),"",'Tổng quan'!$B$3+G10) | I10: Chưa bắt đầu | K10: =IF(OR(H10="",I10="Hoàn thành"),"",IF(H10<TODAY(),"Quá hạn",""))
A11: 7 | B11: 2. Đặt luật chơi | C11: Thiết kế khung hạng (Explorer, Certified, Strategic) và hoa hồng | D11: Khung hạng và hoa hồng (tỷ lệ do Finance chốt) | E11: Finance, Kinh doanh | F11: Cao | G11: 90 | H11: =IF(OR('Tổng quan'!$B$3="",G11=""),"",'Tổng quan'!$B$3+G11) | I11: Chưa bắt đầu | K11: =IF(OR(H11="",I11="Hoàn thành"),"",IF(H11<TODAY(),"Quá hạn",""))
A12: 8 | B12: 2. Đặt luật chơi | C12: Soạn mẫu MOU và quy tắc đăng ký deal | D12: Mẫu MOU; quy tắc deal | E12: Pháp lý, Kinh doanh | F12: Cao | G12: 60 | H12: =IF(OR('Tổng quan'!$B$3="",G12=""),"",'Tổng quan'!$B$3+G12) | I12: Chưa bắt đầu | K12: =IF(OR(H12="",I12="Hoàn thành"),"",IF(H12<TODAY(),"Quá hạn",""))
A13: 9 | B13: 3. Kéo người chơi vào | C13: Rà soát các tuyên bố trên site (tên bên thứ ba, số liệu) cùng Pháp lý và Marketing | D13: Danh sách tuyên bố đã xác nhận | E13: Pháp lý, Marketing | F13: Cao | G13: 14 | H13: =IF(OR('Tổng quan'!$B$3="",G13=""),"",'Tổng quan'!$B$3+G13) | I13: Chưa bắt đầu | K13: =IF(OR(H13="",I13="Hoàn thành"),"",IF(H13<TODAY(),"Quá hạn",""))
A14: 10 | B14: 3. Kéo người chơi vào | C14: Làm bộ hồ sơ partner và bổ sung hồ sơ chuyên gia (ảnh, bio) | D14: Partner kit; hồ sơ chuyên gia đủ | E14: Marketing, Vtro | F14: Trung bình | G14: 90 | H14: =IF(OR('Tổng quan'!$B$3="",G14=""),"",'Tổng quan'!$B$3+G14) | I14: Chưa bắt đầu | K14: =IF(OR(H14="",I14="Hoàn thành"),"",IF(H14<TODAY(),"Quá hạn",""))
A15: 11 | B15: 3. Kéo người chơi vào | C15: Dựng trang "Trở thành đối tác" và quy trình thẩm định 90 ngày | D15: Trang, biểu mẫu, quy trình | E15: Marketing, IT | F15: Trung bình | G15: 90 | H15: =IF(OR('Tổng quan'!$B$3="",G15=""),"",'Tổng quan'!$B$3+G15) | I15: Chưa bắt đầu | K15: =IF(OR(H15="",I15="Hoàn thành"),"",IF(H15<TODAY(),"Quá hạn",""))
A16: 12 | B16: 3. Kéo người chơi vào | C16: Nối biểu mẫu liên hệ vào CRM, chỉ định người phản hồi trong 1 ngày làm việc | D16: Lead vào CRM, có SLA phản hồi | E16: Kinh doanh, IT | F16: Cao | G16: 90 | H16: =IF(OR('Tổng quan'!$B$3="",G16=""),"",'Tổng quan'!$B$3+G16) | I16: Chưa bắt đầu | K16: =IF(OR(H16="",I16="Hoàn thành"),"",IF(H16<TODAY(),"Quá hạn",""))
... A23: 19 | B23: 5. Giữ sân sống | C23: Báo cáo hằng quý cho lãnh đạo (partner hoạt động, pipeline, doanh thu, NPS) | D23: Báo cáo quý | E23: Finance | F23: Cao | G23: 90 | H23: =IF(OR('Tổng quan'!$B$3="",G23=""),"",'Tổng quan'!$B$3+G23) | I23: Chưa bắt đầu | K23: =IF(OR(H23="",I23="Hoàn thành"),"",IF(H23<TODAY(),"Quá hạn",""))
A24: 20 | B24: 5. Giữ sân sống | C24: Tuyển người thứ 2 (Partner Operations) khi có hơn 10 partner hoạt động | D24: Nhân sự mới | E24: HR, Lãnh đạo | F24: Trung bình | H24: =IF(OR('Tổng quan'!$B$3="",G24=""),"",'Tổng quan'!$B$3+G24) | I24: Chưa bắt đầu | K24: =IF(OR(H24="",I24="Hoàn thành"),"",IF(H24<TODAY(),"Quá hạn",""))

Sheet Mảng ngoài Hub
A1: Các mảng ngoài V-Tech Hub
A2: Các mảng này là gợi ý, cần xác nhận phòng đang phụ trách mảng nào. Điền cột E và F rồi chuyển trạng thái. Việc đầu tiên cho tất cả: lập sổ quan hệ đối tác toàn công ty (sheet Sổ đối tác toàn công ty).
A4: Mảng | B4: Mục đích | C4: Đầu việc chính | D4: Đầu ra | E4: Phòng đang phụ trách? | F4: Người hoặc phòng phụ trách | G4: Trạng thái | H4: Ghi chú
A5: Kênh bán cho sản phẩm tự có (VCLOUD, CDN, bảo mật, email, SOC) | B5: Mở rộng doanh thu qua đại lý, reseller, SI | C5: Định nghĩa chương trình kênh, chiết khấu, đăng ký deal, đào tạo | D5: Chương trình kênh; số đại lý hoạt động; doanh thu qua kênh | E5: Chưa rõ | G5: Chưa bắt đầu
A6: Đối tác hạ tầng và mạng (data center, nhà mạng) | B6: Giữ hạ tầng và dữ liệu trong nước ổn định, đúng cam kết | C6: Rà hợp đồng, SLA, quyền dùng tên trên tài liệu; quản lý quan hệ định kỳ | D6: Sổ đối tác hạ tầng; lịch gia hạn; xác nhận cho phép dùng tên | E6: Chưa rõ | G6: Chưa bắt đầu
A7: Liên minh với hãng công nghệ | B7: Có sản phẩm tốt để tích hợp, giá và hỗ trợ tốt | C7: Ký thỏa thuận phân phối, chứng chỉ kỹ thuật, ưu đãi dự án, lộ trình sản phẩm | D7: Hợp đồng hãng; chứng chỉ đội kỹ thuật; bảng giá đối tác | E7: Chưa rõ | G7: Chưa bắt đầu
A8: Hệ sinh thái và cơ quan (hiệp hội, cơ quan nhà nước, trường, cộng đồng) | B8: Tạo niềm tin và cửa vào ngành, nhất là Chính phủ và BFSI | C8: Chọn 3–5 tổ chức then chốt, đồng tổ chức sự kiện, chia sẻ nội dung | D8: Danh sách tổ chức; sự kiện chung; lead từ hệ sinh thái | E8: Chưa rõ | G8: Chưa bắt đầu
A9: Mở rộng khu vực (nếu có kế hoạch ngoài Việt Nam) | B9: Mở thị trường qua đối tác địa phương | C9: Chọn thị trường, tìm đối tác thí điểm | D9: Chỉ nên làm sau năm 2 | E9: Chưa rõ | G9: Chưa bắt đầu

Sheet Theo dõi partner
A1: Theo dõi partner (mỗi partner một dòng)
A2: Dòng 5 là dòng ví dụ (chữ xám nghiêng), xóa hoặc ghi đè khi bắt đầu nhập. Dòng 6 trở đi là dữ liệu thật. Chọn loại, ngành, bước và hạng từ danh sách thả xuống. Cột Cảnh báo tự báo quá hạn việc tiếp theo hoặc hơn 30 ngày chưa liên hệ.
A4: # | B4: Tên partner | C4: Loại | D4: Ngành | E4: Giải pháp liên quan | F4: Đầu mối bên partner | G4: Đầu mối VNETWORK | H4: Bước hiện tại | I4: Hạng | J4: Điểm phù hợp (1–5) | K4: Ngày liên hệ gần nhất | L4: Việc tiếp theo | M4: Hạn việc tiếp theo | N4: Cảnh báo | O4: Ghi chú
B5: (Ví dụ) Công ty ABC | C5: A. Technology | D5: BFSI | E5: Data Loss Prevention | F5: Tên và số điện thoại | G5: Tên bạn | H5: 3. Thẩm định | I5: Explorer | J5: 4 | K5: 46328 | L5: Gửi hồ sơ năng lực cho Presales | M5: 46335 | O5: Dòng ví dụ, xóa khi bắt đầu nhập
A6: 1 | N6: =IF(B6="","",IF(AND(M6<>"",M6<TODAY()),"Quá hạn việc tiếp theo",IF(AND(K6<>"",TODAY()-K6>30),"Hơn 30 ngày chưa liên hệ","")))
A7: 2 | N7: =IF(B7="","",IF(AND(M7<>"",M7<TODAY()),"Quá hạn việc tiếp theo",IF(AND(K7<>"",TODAY()-K7>30),"Hơn 30 ngày chưa liên hệ","")))
A8: 3 | N8: =IF(B8="","",IF(AND(M8<>"",M8<TODAY()),"Quá hạn việc tiếp theo",IF(AND(K8<>"",TODAY()-K8>30),"Hơn 30 ngày chưa liên hệ","")))
A9: 4 | N9: =IF(B9="","",IF(AND(M9<>"",M9<TODAY()),"Quá hạn việc tiếp theo",IF(AND(K9<>"",TODAY()-K9>30),"Hơn 30 ngày chưa liên hệ","")))
A10: 5 | N10: =IF(B10="","",IF(AND(M10<>"",M10<TODAY()),"Quá hạn việc tiếp theo",IF(AND(K10<>"",TODAY()-K10>30),"Hơn 30 ngày chưa liên hệ","")))
A11: 6 | N11: =IF(B11="","",IF(AND(M11<>"",M11<TODAY()),"Quá hạn việc tiếp theo",IF(AND(K11<>"",TODAY()-K11>30),"Hơn 30 ngày chưa liên hệ","")))
A12: 7 | N12: =IF(B12="","",IF(AND(M12<>"",M12<TODAY()),"Quá hạn việc tiếp theo",IF(AND(K12<>"",TODAY()-K12>30),"Hơn 30 ngày chưa liên hệ","")))
A13: 8 | N13: =IF(B13="","",IF(AND(M13<>"",M13<TODAY()),"Quá hạn việc tiếp theo",IF(AND(K13<>"",TODAY()-K13>30),"Hơn 30 ngày chưa liên hệ","")))
A14: 9 | N14: =IF(B14="","",IF(AND(M14<>"",M14<TODAY()),"Quá hạn việc tiếp theo",IF(AND(K14<>"",TODAY()-K14>30),"Hơn 30 ngày chưa liên hệ","")))
A15: 10 | N15: =IF(B15="","",IF(AND(M15<>"",M15<TODAY()),"Quá hạn việc tiếp theo",IF(AND(K15<>"",TODAY()-K15>30),"Hơn 30 ngày chưa liên hệ","")))
A16: 11 | N16: =IF(B16="","",IF(AND(M16<>"",M16<TODAY()),"Quá hạn việc tiếp theo",IF(AND(K16<>"",TODAY()-K16>30),"Hơn 30 ngày chưa liên hệ","")))
A17: 12 | N17: =IF(B17="","",IF(AND(M17<>"",M17<TODAY()),"Quá hạn việc tiếp theo",IF(AND(K17<>"",TODAY()-K17>30),"Hơn 30 ngày chưa liên hệ","")))
... A105: 100 | N105: =IF(B105="","",IF(AND(M105<>"",M105<TODAY()),"Quá hạn việc tiếp theo",IF(AND(K105<>"",TODAY()-K105>30),"Hơn 30 ngày chưa liên hệ","")))

Sheet Sổ đối tác toàn công ty
A1: Sổ quan hệ đối tác toàn công ty
A2: Ai đang hợp tác với VNETWORK, đã ký gì, ai phụ trách, còn hiệu lực không. Sáu dòng đầu lấy từ tên được nêu trên trang V-Tech Foundry; loại thỏa thuận và quyền dùng tên đều ghi "Chưa rõ" cho đến khi xác nhận bằng văn bản. Cột Tình trạng tự tính từ ngày hết hạn (sắp hết hạn = còn dưới 60 ngày).
A4: Tên đối tác | B4: Nhóm | C4: Loại thỏa thuận | D4: Ngày ký | E4: Ngày hết hạn | F4: Người phụ trách VNETWORK | G4: Phòng giữ hợp đồng | H4: Cho phép dùng tên hoặc logo? | I4: Tình trạng | J4: Nguồn và ghi chú
A5: Viettel IDC | B5: Hạ tầng và mạng | C5: Chưa rõ | H5: Chưa rõ | I5: =IF(E5="","",IF(E5<TODAY(),"Hết hạn",IF(E5-TODAY()<=60,"Sắp hết hạn","Còn hiệu lực"))) | J5: Được nêu trên trang Foundry, cần xác nhận hợp đồng và quyền dùng tên
A6: VNPT | B6: Hạ tầng và mạng | C6: Chưa rõ | H6: Chưa rõ | I6: =IF(E6="","",IF(E6<TODAY(),"Hết hạn",IF(E6-TODAY()<=60,"Sắp hết hạn","Còn hiệu lực"))) | J6: Được nêu trên trang Foundry, cần xác nhận hợp đồng và quyền dùng tên
A7: FPT | B7: Hạ tầng và mạng | C7: Chưa rõ | H7: Chưa rõ | I7: =IF(E7="","",IF(E7<TODAY(),"Hết hạn",IF(E7-TODAY()<=60,"Sắp hết hạn","Còn hiệu lực"))) | J7: Được nêu trên trang Foundry, cần xác nhận hợp đồng và quyền dùng tên
A8: Mobifone | B8: Hạ tầng và mạng | C8: Chưa rõ | H8: Chưa rõ | I8: =IF(E8="","",IF(E8<TODAY(),"Hết hạn",IF(E8-TODAY()<=60,"Sắp hết hạn","Còn hiệu lực"))) | J8: Được nêu trên trang Foundry, cần xác nhận hợp đồng và quyền dùng tên
A9: DatumBridge | B9: Hãng công nghệ | C9: Chưa rõ | H9: Chưa rõ | I9: =IF(E9="","",IF(E9<TODAY(),"Hết hạn",IF(E9-TODAY()<=60,"Sắp hết hạn","Còn hiệu lực"))) | J9: Có chuyên gia trên trang Foundry, cần xác nhận quan hệ hợp tác
A10: SearchInform | B10: Hãng công nghệ | C10: Chưa rõ | H10: Chưa rõ | I10: =IF(E10="","",IF(E10<TODAY(),"Hết hạn",IF(E10-TODAY()<=60,"Sắp hết hạn","Còn hiệu lực"))) | J10: Có chuyên gia trên trang Foundry, cần xác nhận quan hệ hợp tác
I11: =IF(E11="","",IF(E11<TODAY(),"Hết hạn",IF(E11-TODAY()<=60,"Sắp hết hạn","Còn hiệu lực")))
I12: =IF(E12="","",IF(E12<TODAY(),"Hết hạn",IF(E12-TODAY()<=60,"Sắp hết hạn","Còn hiệu lực")))
I13: =IF(E13="","",IF(E13<TODAY(),"Hết hạn",IF(E13-TODAY()<=60,"Sắp hết hạn","Còn hiệu lực")))
I14: =IF(E14="","",IF(E14<TODAY(),"Hết hạn",IF(E14-TODAY()<=60,"Sắp hết hạn","Còn hiệu lực")))
I15: =IF(E15="","",IF(E15<TODAY(),"Hết hạn",IF(E15-TODAY()<=60,"Sắp hết hạn","Còn hiệu lực")))
I16: =IF(E16="","",IF(E16<TODAY(),"Hết hạn",IF(E16-TODAY()<=60,"Sắp hết hạn","Còn hiệu lực")))
I17: =IF(E17="","",IF(E17<TODAY(),"Hết hạn",IF(E17-TODAY()<=60,"Sắp hết hạn","Còn hiệu lực")))
I18: =IF(E18="","",IF(E18<TODAY(),"Hết hạn",IF(E18-TODAY()<=60,"Sắp hết hạn","Còn hiệu lực")))
I19: =IF(E19="","",IF(E19<TODAY(),"Hết hạn",IF(E19-TODAY()<=60,"Sắp hết hạn","Còn hiệu lực")))
I20: =IF(E20="","",IF(E20<TODAY(),"Hết hạn",IF(E20-TODAY()<=60,"Sắp hết hạn","Còn hiệu lực")))
I21: =IF(E21="","",IF(E21<TODAY(),"Hết hạn",IF(E21-TODAY()<=60,"Sắp hết hạn","Còn hiệu lực")))
I22: =IF(E22="","",IF(E22<TODAY(),"Hết hạn",IF(E22-TODAY()<=60,"Sắp hết hạn","Còn hiệu lực")))
... I34: =IF(E34="","",IF(E34<TODAY(),"Hết hạn",IF(E34-TODAY()<=60,"Sắp hết hạn","Còn hiệu lực")))

Sheet Nhịp làm việc
A1: Nhịp làm việc định kỳ
A2: Ghi ngày làm lần gần nhất ở cột D; cột E tự tính ngày đến hạn tiếp theo và cột F báo quá hạn.
A4: Việc định kỳ | B4: Tần suất | C4: Chu kỳ (ngày) | D4: Lần gần nhất | E4: Lần tiếp theo | F4: Tình trạng | G4: Ghi chú
A5: Xem pipeline partner | B5: Hằng tuần | C5: 7 | E5: =IF(D5="","",D5+C5) | F5: =IF(E5="","Chưa làm lần nào",IF(E5<TODAY(),"Quá hạn","Đúng hạn")) -> Chưa làm lần nào
A6: Tiếp cận partner mới | B6: Hằng tuần | C6: 7 | E6: =IF(D6="","",D6+C6) | F6: =IF(E6="","Chưa làm lần nào",IF(E6<TODAY(),"Quá hạn","Đúng hạn")) -> Chưa làm lần nào
A7: Họp rà soát từng partner đang ở Explorer và Certified | B7: Hằng tháng | C7: 30 | E7: =IF(D7="","",D7+C7) | F7: =IF(E7="","Chưa làm lần nào",IF(E7<TODAY(),"Quá hạn","Đúng hạn")) -> Chưa làm lần nào
A8: Báo cáo cho lãnh đạo | B8: Hằng quý | C8: 90 | E8: =IF(D8="","",D8+C8) | F8: =IF(E8="","Chưa làm lần nào",IF(E8<TODAY(),"Quá hạn","Đúng hạn")) -> Chưa làm lần nào
A9: Xét hạng partner | B9: Hằng quý | C9: 90 | E9: =IF(D9="","",D9+C9) | F9: =IF(E9="","Chưa làm lần nào",IF(E9<TODAY(),"Quá hạn","Đúng hạn")) -> Chưa làm lần nào
A10: Sửa Playbook theo thực tế | B10: Hằng quý | C10: 90 | E10: =IF(D10="","",D10+C10) | F10: =IF(E10="","Chưa làm lần nào",IF(E10<TODAY(),"Quá hạn","Đúng hạn")) -> Chưa làm lần nào
